date,Visibility,DryBulbFarenheit,DryBulbCelsius,WetBulbFarenheit,DewPointFarenheit,DewPointCelsius,RelativeHumidity,WindSpeed,WindDirection,StationPressure,Altimeter,WetBulbCelsius
1/1/2010 0:00,10.0,16,-9,13,7,-14,67,7,130,21.65,30.35,-10.3
1/1/2010 1:00,10.0,16,-9,13,7,-14,67,5,150,21.64,30.34,-10.3
1/1/2010 2:00,10.0,16,-9,13,7,-14,67,5,190,21.65,30.35,-10.3
1/1/2010 3:00,10.0,16,-9,13,7,-14,67,7,180,21.65,30.35,-10.3
1/1/2010 4:00,10.0,16,-9,14,9,-13,74,6,120,21.64,30.34,-10.0
1/1/2010 5:00,10.0,16,-9,14,9,-13,74,5,150,21.64,30.34,-10.0
1/1/2010 6:00,10.0,16,-9,13,7,-14,67,5,160,21.65,30.35,-10.3
1/1/2010 7:00,10.0,18,-8,15,9,-13,68,3,160,21.67,30.38,-9.3
1/1/2010 8:00,10.0,19,-7,16,10,-12,68,7,150,21.65,30.35,-8.8
1/1/2010 9:00,10.0,27,-3,20,3,-16,35,0,0,21.65,30.36,-6.9
1/1/2010 10:00,10.0,30,-1,23,9,-13,41,0,0,21.66,30.37,-5.1
1/1/2010 11:00,10.0,34,1,27,16,-9,48,3,160,21.63,30.33,-2.7
1/1/2010 12:00,10.0,36,2,29,19,-7,50,8,280,21.62,30.31,-1.5
1/1/2010 13:00,10.0,39,4,31,21,-6,48,3,300,21.61,30.3,-0.2
1/1/2010 14:00,10.0,37,3,31,23,-5,57,5,310,21.61,30.3,-0.4
1/1/2010 15:00,10.0,36,2,31,25,-4,64,0,0,21.6,30.29,-0.3
1/1/2010 16:00,10.0,32,0,28,23,-5,69,6,290,21.6,30.29,-2.0
1/1/2010 17:00,10.0,30,-1,26,21,-6,69,0,0,21.6,30.29,-3.0
1/1/2010 18:00,10.0,28,-2,26,23,-5,82,6,170,21.6,30.29,-3.3
1/1/2010 19:00,10.0,28,-2,26,23,-5,82,3,140,21.59,30.28,-3.3
1/1/2010 20:00,10.0,28,-2,27,25,-4,89,3,140,21.58,30.27,-2.8
1/1/2010 21:00,10.0,25,-4,21,14,-10,64,4,151,21.63,30.33,-5.8
1/1/2010 22:00,10.0,28,-2,25,21,-6,75,7,150,21.57,30.25,-3.7
1/1/2010 23:00,10.0,28,-2,25,19,-7,69,0,0,21.57,30.25,-4.1
1/2/2010 0:00,10.0,28,-2,25,21,-6,75,0,0,21.57,30.25,-3.7
1/2/2010 1:00,10.0,28,-2,25,21,-6,75,5,120,21.56,30.24,-3.7
1/2/2010 2:00,10.0,28,-2,27,25,-4,89,6,150,21.55,30.22,-2.9
1/2/2010 3:00,10.0,30,-1,27,23,-5,75,3,160,21.53,30.2,-2.6
1/2/2010 4:00,10.0,30,-1,29,27,-3,89,7,160,21.52,30.18,-1.8
1/2/2010 5:00,10.0,28,-2,28,27,-3,96,3,110,21.51,30.17,-2.4
1/2/2010 6:00,10.0,30,-1,29,27,-3,89,5,150,21.5,30.16,-1.8
1/2/2010 7:00,10.0,30,-1,28,25,-4,82,5,140,21.49,30.14,-2.2
1/2/2010 8:00,10.0,32,0,29,25,-4,75,0,0,21.49,30.15,-1.6
1/2/2010 9:00,10.0,28,-2,27,25,-4,89,10,280,21.52,30.18,-2.9
1/2/2010 10:00,10.0,30,-1,27,23,-5,75,9,290,21.52,30.18,-2.6
1/2/2010 11:00,10.0,32,0,28,21,-6,64,7,330,21.51,30.17,-2.4
1/2/2010 12:00,7.0,30,-1,26,21,-6,69,14,310,21.5,30.16,-3.0
1/2/2010 13:00,7.0,30,-1,26,21,-6,69,14,310,21.5,30.16,-3.0
1/2/2010 14:00,10.0,34,1,28,18,-8,52,10,300,21.47,30.12,-2.3
1/2/2010 15:00,10.0,34,1,26,12,-11,40,6,330,21.49,30.14,-3.3
1/2/2010 16:00,10.0,30,-1,24,12,-11,47,0,0,21.49,30.14,-4.6
1/2/2010 17:00,10.0,30,-1,24,12,-11,47,0,0,21.49,30.14,-4.6
1/2/2010 18:00,10.0,25,-4,22,16,-9,69,3,280,21.52,30.18,-5.6
1/2/2010 19:00,10.0,21,-6,19,16,-9,81,0,0,21.53,30.2,-7.0
1/2/2010 20:00,10.0,19,-7,17,14,-10,81,0,0,21.53,30.2,-8.1
1/2/2010 21:00,10.0,21,-6,18,12,-11,68,7,160,21.54,30.21,-7.7
1/2/2010 22:00,10.0,19,-7,17,12,-11,74,9,160,21.53,30.2,-8.4
1/2/2010 23:00,10.0,18,-8,15,10,-12,71,6,160,21.53,30.2,-9.1
1/3/2010 0:00,10.0,16,-9,14,10,-12,77,7,160,21.52,30.19,-9.9
1/3/2010 1:00,10.0,16,-9,14,10,-12,77,6,160,21.52,30.19,-9.9
1/3/2010 2:00,10.0,16,-9,14,9,-13,74,5,160,21.53,30.2,-10.0
1/3/2010 3:00,10.0,16,-9,14,9,-13,74,6,160,21.53,30.2,-10.0
1/3/2010 4:00,10.0,16,-9,14,9,-13,74,6,160,21.52,30.19,-10.0
1/3/2010 5:00,10.0,16,-9,13,7,-14,67,3,160,21.54,30.21,-10.3
1/3/2010 6:00,10.0,14,-10,12,7,-14,74,6,160,21.55,30.22,-11.1
1/3/2010 7:00,10.0,16,-9,13,7,-14,67,3,170,21.55,30.22,-10.3
1/3/2010 8:00,10.0,18,-8,15,7,-14,62,6,150,21.55,30.23,-9.6
1/3/2010 9:00,10.0,21,-6,17,9,-13,60,3,170,21.56,30.24,-8.2
1/3/2010 10:00,10.0,25,-4,20,10,-12,53,0,0,21.56,30.24,-6.6
1/3/2010 11:00,10.0,30,-1,23,9,-13,41,0,0,21.55,30.23,-5.1
1/3/2010 12:00,10.0,30,-1,23,10,-12,43,9,300,21.55,30.22,-4.9
1/3/2010 13:00,10.0,30,-1,24,12,-11,47,9,300,21.54,30.21,-4.6
1/3/2010 14:00,10.0,30,-1,24,12,-11,47,10,290,21.55,30.22,-4.6
1/3/2010 15:00,10.0,28,-2,23,14,-10,56,11,300,21.55,30.23,-5.0
1/3/2010 16:00,10.0,27,-3,23,16,-9,63,8,300,21.56,30.24,-5.0
1/3/2010 17:00,10.0,25,-4,22,16,-9,69,0,0,21.57,30.25,-5.6
1/3/2010 18:00,10.0,21,-6,18,12,-11,68,0,0,21.58,30.26,-7.7
1/3/2010 19:00,10.0,19,-7,17,12,-11,74,6,160,21.58,30.27,-8.4
1/3/2010 20:00,10.0,18,-8,15,10,-12,71,6,150,21.58,30.27,-9.1
1/3/2010 21:00,10.0,18,-8,15,10,-12,71,6,150,21.58,30.27,-9.1
1/3/2010 22:00,10.0,16,-9,14,9,-13,74,5,170,21.6,30.29,-10.0
1/3/2010 23:00,10.0,16,-9,14,9,-13,74,5,160,21.6,30.29,-10.0
1/4/2010 0:00,10.0,16,-9,14,9,-13,74,6,150,21.59,30.28,-10.0
1/4/2010 1:00,10.0,16,-9,14,9,-13,74,7,160,21.59,30.28,-10.0
1/4/2010 2:00,10.0,16,-9,13,7,-14,67,6,160,21.6,30.29,-10.3
1/4/2010 3:00,10.0,16,-9,13,7,-14,67,5,150,21.6,30.29,-10.3
1/4/2010 4:00,10.0,14,-10,12,7,-14,74,3,120,21.59,30.28,-11.1
1/4/2010 5:00,10.0,16,-9,13,5,-15,62,5,150,21.59,30.28,-10.6
1/4/2010 6:00,10.0,16,-9,13,5,-15,62,6,150,21.6,30.29,-10.6
1/4/2010 7:00,10.0,16,-9,13,5,-15,62,7,150,21.6,30.29,-10.6
1/4/2010 8:00,10.0,16,-9,13,5,-15,62,7,150,21.6,30.29,-10.6
1/4/2010 9:00,10.0,23,-5,18,7,-14,50,3,160,21.62,30.31,-7.8
1/4/2010 10:00,10.0,28,-2,22,9,-13,45,0,0,21.62,30.31,-5.8
1/4/2010 11:00,10.0,32,0,23,5,-15,32,0,0,21.6,30.29,-5.0
1/4/2010 12:00,10.0,34,1,23,1,-17,24,0,0,21.58,30.26,-4.8
1/4/2010 13:00,10.0,37,3,26,5,-15,26,7,300,21.56,30.24,-3.3
1/4/2010 14:00,10.0,37,3,26,7,-14,28,6,300,21.56,30.24,-3.1
1/4/2010 15:00,10.0,37,3,26,7,-14,28,6,300,21.57,30.25,-3.1
1/4/2010 16:00,10.0,34,1,25,9,-13,35,5,270,21.57,30.25,-3.8
1/4/2010 17:00,10.0,28,-2,22,10,-12,47,5,290,21.58,30.27,-5.6
1/4/2010 18:00,10.0,28,-2,22,10,-12,47,5,290,21.58,30.27,-5.6
1/4/2010 19:00,10.0,28,-2,22,10,-12,47,5,290,21.58,30.27,-5.6
1/4/2010 20:00,10.0,25,-4,21,12,-11,58,5,160,21.58,30.27,-6.3
1/4/2010 21:00,10.0,23,-5,19,12,-11,63,7,150,21.58,30.27,-7.0
1/4/2010 22:00,10.0,23,-5,19,12,-11,63,7,160,21.58,30.27,-7.0
1/4/2010 23:00,10.0,25,-4,21,12,-11,58,5,130,21.58,30.27,-6.3
1/5/2010 0:00,10.0,25,-4,21,12,-11,58,7,150,21.57,30.25,-6.3
1/5/2010 1:00,10.0,25,-4,21,12,-11,58,8,160,21.56,30.24,-6.3
1/5/2010 2:00,10.0,25,-4,21,12,-11,58,5,160,21.57,30.25,-6.3
1/5/2010 3:00,10.0,25,-4,21,12,-11,58,6,160,21.57,30.25,-6.3
1/5/2010 4:00,10.0,25,-4,21,12,-11,58,6,180,21.56,30.24,-6.3
1/5/2010 5:00,10.0,25,-4,21,12,-11,58,5,150,21.55,30.23,-6.3
1/5/2010 6:00,10.0,25,-4,21,12,-11,58,7,140,21.56,30.24,-6.3
1/5/2010 7:00,10.0,25,-4,20,10,-12,53,7,160,21.56,30.24,-6.6
1/5/2010 8:00,10.0,27,-3,22,12,-11,53,6,160,21.56,30.24,-5.6
1/5/2010 9:00,10.0,28,-2,23,14,-10,56,5,160,21.56,30.24,-5.0
1/5/2010 10:00,10.0,34,1,27,16,-9,48,0,0,21.56,30.24,-2.7
1/5/2010 11:00,10.0,41,5,29,10,-12,28,5,300,21.54,30.21,-1.4
1/5/2010 12:00,10.0,39,4,28,9,-13,29,11,300,21.52,30.18,-2.2
1/5/2010 13:00,10.0,39,4,28,9,-13,29,13,300,21.51,30.17,-2.2
1/5/2010 14:00,10.0,39,4,28,10,-12,30,13,290,21.52,30.18,-2.1
1/5/2010 15:00,10.0,37,3,27,10,-12,33,8,280,21.52,30.18,-2.7
1/5/2010 16:00,10.0,36,2,27,12,-11,37,8,260,21.52,30.18,-2.7
1/5/2010 17:00,10.0,32,0,25,14,-10,47,0,0,21.52,30.18,-3.7
1/5/2010 18:00,10.0,30,-1,24,14,-10,51,0,0,21.52,30.18,-4.3
1/5/2010 19:00,10.0,30,-1,25,16,-9,56,6,160,21.51,30.17,-4.0
1/5/2010 20:00,10.0,28,-2,23,14,-10,56,5,160,21.5,30.16,-5.0
1/5/2010 21:00,10.0,27,-3,22,12,-11,53,6,150,21.5,30.16,-5.6
1/5/2010 22:00,10.0,28,-2,22,12,-11,51,5,160,21.5,30.16,-5.3
1/5/2010 23:00,10.0,27,-3,21,10,-12,49,0,0,21.49,30.14,-6.0
1/6/2010 0:00,10.0,28,-2,22,10,-12,47,0,0,21.49,30.14,-5.6
1/6/2010 1:00,10.0,27,-3,21,10,-12,49,0,0,21.49,30.14,-6.0
1/6/2010 2:00,10.0,27,-3,22,12,-11,53,0,0,21.49,30.15,-5.6
1/6/2010 3:00,10.0,27,-3,22,12,-11,53,0,0,21.49,30.14,-5.6
1/6/2010 4:00,10.0,25,-4,20,10,-12,53,0,0,21.48,30.13,-6.6
1/6/2010 5:00,10.0,25,-4,21,12,-11,58,3,150,21.48,30.13,-6.3
1/6/2010 6:00,10.0,27,-3,22,12,-11,53,0,0,21.49,30.14,-5.6
1/6/2010 7:00,10.0,25,-4,21,12,-11,58,3,170,21.49,30.15,-6.3
1/6/2010 8:00,10.0,28,-2,23,14,-10,56,0,0,21.49,30.14,-5.0
1/6/2010 9:00,10.0,32,0,27,19,-7,59,0,0,21.49,30.14,-2.8
1/6/2010 10:00,10.0,34,1,29,21,-6,59,0,0,21.5,30.16,-1.8
1/6/2010 11:00,10.0,36,2,30,21,-6,55,8,300,21.49,30.14,-1.1
1/6/2010 12:00,10.0,36,2,31,23,-5,59,13,290,21.46,30.11,-0.8
1/6/2010 13:00,10.0,36,2,30,21,-6,55,13,300,21.45,30.1,-1.2
1/6/2010 14:00,10.0,37,3,30,21,-6,52,6,340,21.45,30.09,-0.8
1/6/2010 15:00,10.0,36,2,30,21,-6,55,5,290,21.45,30.09,-1.2
1/6/2010 16:00,10.0,36,2,30,21,-6,55,5,290,21.45,30.09,-1.2
1/6/2010 17:00,10.0,36,2,30,21,-6,55,3,330,21.45,30.1,-1.2
1/6/2010 18:00,10.0,34,1,30,25,-4,70,5,270,21.46,30.11,-1.0
1/6/2010 19:00,10.0,34,1,29,23,-5,64,0,0,21.45,30.1,-1.4
1/6/2010 20:00,10.0,32,0,28,23,-5,69,0,0,21.45,30.1,-2.0
1/6/2010 21:00,10.0,32,0,29,25,-4,75,5,280,21.45,30.1,-1.6
1/6/2010 22:00,10.0,30,-1,28,25,-4,82,9,300,21.46,30.11,-2.2
1/6/2010 23:00,10.0,30,-1,27,23,-5,75,7,280,21.45,30.1,-2.6
1/7/2010 0:00,10.0,30,-1,27,23,-5,75,7,280,21.45,30.1,-2.6
1/7/2010 1:00,10.0,30,-1,27,23,-5,75,7,280,21.45,30.1,-2.6
1/7/2010 2:00,10.0,27,-3,25,21,-6,78,0,0,21.45,30.09,-4.0
1/7/2010 3:00,10.0,25,-4,23,19,-7,78,0,0,21.45,30.09,-5.1
1/7/2010 4:00,10.0,25,-4,22,18,-8,75,0,0,21.44,30.08,-5.3
1/7/2010 5:00,10.0,21,-6,20,18,-8,88,3,170,21.45,30.09,-6.7
1/7/2010 6:00,10.0,19,-7,18,16,-9,88,0,0,21.45,30.1,-7.7
1/7/2010 7:00,10.0,19,-7,18,16,-9,88,0,0,21.47,30.12,-7.7
1/7/2010 8:00,10.0,19,-7,18,16,-9,88,0,0,21.47,30.12,-7.7
1/7/2010 9:00,10.0,23,-5,21,16,-9,74,3,170,21.47,30.12,-6.3
1/7/2010 10:00,10.0,28,-2,24,16,-9,61,0,0,21.47,30.12,-4.6
1/7/2010 11:00,10.0,30,-1,25,16,-9,56,3,290,21.45,30.1,-4.0
1/7/2010 12:00,10.0,30,-1,24,12,-11,47,9,290,21.44,30.08,-4.6
1/7/2010 13:00,10.0,30,-1,20,-2,-19,25,13,300,21.44,30.08,-6.4
1/7/2010 14:00,10.0,30,-1,19,-8,-22,19,11,290,21.45,30.09,-6.9
1/7/2010 15:00,10.0,28,-2,18,-8,-22,20,6,290,21.45,30.1,-7.6
1/7/2010 16:00,10.0,27,-3,18,-4,-20,25,7,270,21.47,30.12,-7.7
1/7/2010 17:00,10.0,25,-4,18,3,-16,38,5,300,21.47,30.12,-7.6
1/7/2010 18:00,10.0,21,-6,17,10,-12,62,5,300,21.49,30.14,-8.1
1/7/2010 19:00,10.0,19,-7,15,7,-14,59,3,170,21.49,30.14,-9.2
1/7/2010 20:00,10.0,18,-8,13,0,-18,45,3,160,21.5,30.16,-10.5
1/7/2010 21:00,10.0,16,-9,11,-2,-19,45,5,160,21.5,30.16,-11.5
1/7/2010 22:00,10.0,12,-11,8,-2,-19,53,6,150,21.5,30.16,-13.0
1/7/2010 23:00,10.0,14,-10,9,-4,-20,44,6,150,21.51,30.17,-12.5
1/8/2010 0:00,10.0,12,-11,8,-6,-21,44,6,160,21.51,30.17,-13.4
1/8/2010 1:00,10.0,12,-11,7,-8,-22,40,3,180,21.52,30.18,-13.6
1/8/2010 2:00,10.0,12,-11,7,-9,-23,38,6,160,21.54,30.21,-13.7
1/8/2010 3:00,10.0,12,-11,7,-13,-25,31,7,160,21.54,30.21,-14.0
1/8/2010 4:00,10.0,12,-11,7,-15,-26,28,6,160,21.53,30.2,-14.1
1/8/2010 5:00,10.0,12,-11,6,-18,-28,24,3,140,21.52,30.19,-14.3
1/8/2010 6:00,10.0,10,-12,5,-15,-26,31,7,150,21.53,30.2,-14.9
1/8/2010 7:00,10.0,10,-12,5,-15,-26,31,7,150,21.53,30.2,-14.9
1/8/2010 8:00,10.0,16,-9,9,-17,-27,21,5,170,21.56,30.24,-12.6
1/8/2010 9:00,10.0,21,-6,13,-15,-26,19,3,170,21.57,30.25,-10.6
1/8/2010 10:00,10.0,27,-3,17,-9,-23,20,0,0,21.58,30.26,-8.1
1/8/2010 11:00,10.0,27,-3,17,-9,-23,20,0,0,21.58,30.26,-8.1
1/8/2010 12:00,10.0,32,0,20,-18,-28,10,10,300,21.57,30.25,-6.8
1/8/2010 13:00,10.0,34,1,21,-17,-27,10,10,280,21.57,30.25,-6.0
1/8/2010 14:00,10.0,32,0,20,-17,-27,11,9,290,21.57,30.25,-6.7
1/8/2010 15:00,10.0,32,0,20,-15,-26,12,14,300,21.58,30.26,-6.6
1/8/2010 16:00,10.0,28,-2,17,-15,-26,14,5,260,21.58,30.27,-8.1
1/8/2010 17:00,10.0,27,-3,17,-13,-25,16,0,0,21.6,30.29,-8.3
1/8/2010 18:00,10.0,25,-4,17,-6,-21,25,7,150,21.62,30.31,-8.5
1/8/2010 19:00,10.0,21,-6,14,-6,-21,30,5,150,21.62,30.31,-10.0
1/8/2010 20:00,10.0,21,-6,14,-8,-22,27,6,160,21.62,30.31,-10.1
1/8/2010 21:00,10.0,19,-7,13,-6,-21,32,3,170,21.62,30.31,-10.7
1/8/2010 22:00,10.0,21,-6,14,-6,-21,30,6,160,21.62,30.31,-10.0
1/8/2010 23:00,10.0,21,-6,14,-8,-22,27,6,160,21.61,30.3,-10.2
1/9/2010 0:00,10.0,21,-6,14,-8,-22,27,6,160,21.6,30.29,-10.2
1/9/2010 1:00,10.0,25,-4,17,-6,-21,25,8,150,21.6,30.29,-8.5
1/9/2010 2:00,10.0,21,-6,14,-8,-22,27,6,150,21.6,30.29,-10.2
1/9/2010 3:00,10.0,21,-6,14,-8,-22,27,5,170,21.6,30.29,-10.2
1/9/2010 4:00,10.0,21,-6,14,-8,-22,27,5,150,21.6,30.29,-10.2
1/9/2010 5:00,10.0,21,-6,14,-8,-22,27,7,160,21.6,30.29,-10.2
1/9/2010 6:00,10.0,19,-7,12,-8,-22,29,6,120,21.6,30.29,-10.9
1/9/2010 7:00,10.0,21,-6,14,-8,-22,27,6,150,21.6,30.29,-10.2
1/9/2010 8:00,10.0,25,-4,16,-9,-23,22,5,130,21.62,30.31,-8.8
1/9/2010 9:00,10.0,28,-2,18,-8,-22,20,5,170,21.62,30.31,-7.6
1/9/2010 10:00,10.0,34,1,22,-8,-22,16,0,0,21.62,30.31,-5.6
1/9/2010 11:00,10.0,37,3,23,-17,-27,9,0,0,21.61,30.3,-5.0
1/9/2010 12:00,10.0,39,4,24,-15,-26,9,7,290,21.58,30.27,-4.3
1/9/2010 13:00,10.0,39,4,25,-9,-23,12,7,290,21.58,30.26,-4.0
1/9/2010 14:00,10.0,39,4,25,-9,-23,12,3,290,21.58,30.26,-4.0
1/9/2010 15:00,10.0,39,4,25,-8,-22,13,9,300,21.58,30.27,-3.9
1/9/2010 16:00,10.0,34,1,23,-2,-19,21,8,300,21.59,30.28,-5.1
1/9/2010 17:00,10.0,32,0,22,0,-18,25,0,0,21.62,30.31,-5.5
1/9/2010 18:00,10.0,30,-1,21,1,-17,29,0,0,21.62,30.31,-6.1
1/9/2010 19:00,10.0,28,-2,20,3,-16,34,3,160,21.62,30.32,-6.6
1/9/2010 20:00,10.0,27,-3,20,5,-15,39,5,140,21.62,30.32,-6.6
1/9/2010 21:00,10.0,27,-3,19,3,-16,35,6,160,21.62,30.32,-6.9
1/9/2010 22:00,10.0,25,-4,18,3,-16,38,0,0,21.62,30.32,-7.6
1/9/2010 23:00,10.0,23,-5,17,3,-16,42,7,160,21.62,30.31,-8.3
1/10/2010 0:00,10.0,25,-4,18,3,-16,38,8,160,21.62,30.31,-7.6
1/10/2010 1:00,10.0,25,-4,18,3,-16,38,8,160,21.62,30.31,-7.6
1/10/2010 2:00,10.0,25,-4,18,1,-17,35,7,150,21.62,30.31,-7.8
1/10/2010 3:00,10.0,23,-5,17,1,-17,38,6,160,21.62,30.31,-8.5
1/10/2010 4:00,10.0,25,-4,17,-2,-19,30,7,170,21.62,30.31,-8.2
1/10/2010 5:00,10.0,25,-4,18,0,-18,33,6,150,21.62,30.31,-7.9
1/10/2010 6:00,10.0,25,-4,18,0,-18,33,7,160,21.62,30.31,-7.9
1/10/2010 7:00,10.0,27,-3,19,3,-16,35,6,140,21.63,30.33,-6.9
1/10/2010 8:00,10.0,27,-3,19,3,-16,35,7,150,21.63,30.33,-6.9
1/10/2010 9:00,10.0,30,-1,23,9,-13,41,3,160,21.63,30.33,-5.1
1/10/2010 10:00,10.0,36,2,26,9,-13,32,0,0,21.64,30.34,-3.1
1/10/2010 11:00,10.0,43,6,33,18,-8,37,0,0,21.63,30.33,0.3
1/10/2010 12:00,10.0,43,6,33,19,-7,38,6,300,21.61,30.3,0.5
1/10/2010 13:00,10.0,43,6,33,19,-7,38,9,300,21.59,30.28,0.5
1/10/2010 14:00,10.0,41,5,30,14,-10,33,9,290,21.59,30.28,-0.8
1/10/2010 15:00,10.0,39,4,29,14,-10,36,7,290,21.61,30.3,-1.4
1/10/2010 16:00,10.0,36,2,28,14,-10,40,7,300,21.62,30.31,-2.4
1/10/2010 17:00,10.0,34,1,26,14,-10,44,0,0,21.62,30.31,-3.0
1/10/2010 18:00,10.0,30,-1,25,16,-9,56,0,0,21.62,30.31,-4.0
1/10/2010 19:00,10.0,30,-1,25,18,-8,61,0,0,21.63,30.33,-3.6
1/10/2010 20:00,10.0,28,-2,24,16,-9,61,0,0,21.64,30.34,-4.6
1/10/2010 21:00,10.0,27,-3,23,16,-9,63,0,0,21.65,30.35,-5.0
1/10/2010 22:00,10.0,28,-2,24,16,-9,61,0,0,21.65,30.36,-4.6
1/10/2010 23:00,10.0,27,-3,23,16,-9,63,6,170,21.65,30.36,-5.0
1/11/2010 0:00,10.0,27,-3,23,16,-9,63,6,170,21.65,30.36,-5.0
1/11/2010 1:00,10.0,27,-3,22,12,-11,53,5,160,21.65,30.36,-5.6
1/11/2010 2:00,10.0,27,-3,22,12,-11,53,5,160,21.65,30.36,-5.6
1/11/2010 3:00,10.0,25,-4,20,10,-12,53,6,170,21.65,30.36,-6.6
1/11/2010 4:00,10.0,27,-3,21,9,-13,47,7,160,21.65,30.35,-6.1
1/11/2010 5:00,10.0,25,-4,20,9,-13,51,8,150,21.65,30.35,-6.8
1/11/2010 6:00,10.0,25,-4,19,5,-15,42,0,0,21.65,30.36,-7.3
1/11/2010 7:00,10.0,27,-3,20,7,-14,43,0,0,21.68,30.39,-6.4
1/11/2010 8:00,10.0,28,-2,21,7,-14,41,6,160,21.7,30.42,-6.0
1/11/2010 9:00,10.0,30,-1,22,7,-14,38,0,0,21.7,30.42,-5.4
1/11/2010 10:00,10.0,36,2,26,9,-13,32,0,0,21.7,30.42,-3.1
1/11/2010 11:00,10.0,39,4,28,10,-12,30,0,0,21.68,30.39,-2.0
1/11/2010 12:00,10.0,43,6,30,10,-12,26,6,300,21.66,30.37,-0.8
1/11/2010 13:00,10.0,45,7,32,10,-12,24,7,280,21.65,30.35,-0.2
1/11/2010 14:00,10.0,43,6,31,12,-11,28,9,290,21.65,30.36,-0.5
1/11/2010 15:00,10.0,43,6,31,12,-11,28,8,300,21.66,30.37,-0.5
1/11/2010 16:00,10.0,37,3,28,14,-10,39,5,280,21.68,30.39,-2.1
1/11/2010 17:00,10.0,36,2,28,16,-9,44,0,0,21.7,30.42,-2.0
1/11/2010 18:00,10.0,32,0,26,16,-9,52,3,150,21.71,30.44,-3.3
1/11/2010 19:00,10.0,30,-1,24,14,-10,51,7,160,21.7,30.43,-4.3
1/11/2010 20:00,10.0,30,-1,24,12,-11,47,6,170,21.71,30.44,-4.6
1/11/2010 21:00,10.0,30,-1,24,12,-11,47,3,160,21.72,30.45,-4.6
1/11/2010 22:00,10.0,30,-1,24,12,-11,47,7,160,21.72,30.45,-4.6
1/11/2010 23:00,10.0,30,-1,24,12,-11,47,7,160,21.71,30.44,-4.6
1/12/2010 0:00,10.0,30,-1,23,10,-12,43,8,170,21.72,30.45,-4.9
1/12/2010 1:00,10.0,30,-1,22,7,-14,38,8,170,21.71,30.44,-5.4
1/12/2010 2:00,10.0,28,-2,21,7,-14,41,6,170,21.71,30.44,-6.0
1/12/2010 3:00,10.0,27,-3,20,7,-14,43,6,160,21.71,30.44,-6.4
1/12/2010 4:00,10.0,25,-4,19,5,-15,42,6,160,21.7,30.42,-7.3
1/12/2010 5:00,10.0,27,-3,20,3,-16,35,7,150,21.7,30.42,-6.9
1/12/2010 6:00,10.0,27,-3,20,3,-16,35,7,150,21.7,30.42,-6.9
1/12/2010 7:00,10.0,25,-4,18,1,-17,35,5,170,21.7,30.42,-7.8
1/12/2010 8:00,10.0,28,-2,20,1,-17,31,7,160,21.7,30.43,-6.8
1/12/2010 9:00,10.0,30,-1,21,0,-18,27,7,180,21.7,30.42,-6.2
1/12/2010 10:00,10.0,36,2,25,3,-16,25,0,0,21.7,30.42,-3.9
1/12/2010 11:00,10.0,43,6,28,-2,-19,15,0,0,21.68,30.39,-2.2
1/12/2010 12:00,10.0,46,8,30,0,-18,14,0,0,21.65,30.35,-1.1
1/12/2010 13:00,10.0,45,7,31,7,-14,21,8,300,21.63,30.33,-0.6
1/12/2010 14:00,10.0,45,7,31,7,-14,21,8,290,21.62,30.32,-0.6
1/12/2010 15:00,10.0,45,7,30,5,-15,19,6,280,21.61,30.3,-0.8
1/12/2010 16:00,10.0,41,5,29,7,-14,24,5,240,21.62,30.32,-1.8
1/12/2010 17:00,10.0,37,3,27,9,-13,31,0,0,21.63,30.33,-2.8
1/12/2010 18:00,10.0,34,1,25,10,-12,37,0,0,21.64,30.34,-3.6
1/12/2010 19:00,10.0,34,1,25,9,-13,35,5,180,21.63,30.33,-3.8
1/12/2010 20:00,10.0,32,0,23,5,-15,32,9,150,21.62,30.31,-5.0
1/12/2010 21:00,10.0,34,1,24,3,-16,27,6,150,21.61,30.3,-4.5
1/12/2010 22:00,10.0,32,0,22,1,-17,26,8,150,21.61,30.3,-5.4
1/12/2010 23:00,10.0,30,-1,21,1,-17,29,6,160,21.58,30.27,-6.1
1/13/2010 0:00,10.0,30,-1,21,1,-17,29,6,160,21.58,30.27,-6.1
1/13/2010 1:00,10.0,30,-1,21,1,-17,29,6,160,21.58,30.27,-6.1
1/13/2010 2:00,10.0,30,-1,21,1,-17,29,6,160,21.58,30.27,-6.1
1/13/2010 3:00,10.0,30,-1,21,1,-17,29,6,160,21.58,30.27,-6.1
1/13/2010 4:00,10.0,30,-1,21,1,-17,29,6,160,21.58,30.27,-6.1
1/13/2010 5:00,10.0,28,-2,19,0,-18,30,7,120,21.52,30.18,-6.9
1/13/2010 6:00,10.0,27,-3,19,1,-17,32,6,170,21.52,30.18,-7.1
1/13/2010 7:00,10.0,28,-2,20,1,-17,31,8,150,21.52,30.18,-6.8
1/13/2010 8:00,10.0,30,-1,22,5,-15,34,6,170,21.52,30.18,-5.6
1/13/2010 9:00,10.0,32,0,23,5,-15,32,5,160,21.52,30.18,-5.0
1/13/2010 10:00,10.0,36,2,26,7,-14,30,0,0,21.51,30.17,-3.4
1/13/2010 11:00,10.0,41,5,28,5,-15,22,0,0,21.47,30.12,-2.1
1/13/2010 12:00,10.0,45,7,31,10,-12,24,0,0,21.44,30.08,-0.2
1/13/2010 13:00,10.0,45,7,31,10,-12,24,9,290,21.42,30.05,-0.3
1/13/2010 14:00,10.0,43,6,31,12,-11,28,5,350,21.42,30.05,-0.6
1/13/2010 15:00,10.0,41,5,30,12,-11,30,10,290,21.42,30.05,-1.2
1/13/2010 16:00,10.0,39,4,29,12,-11,33,3,280,21.41,30.04,-1.8
1/13/2010 17:00,10.0,37,3,28,14,-10,39,8,300,21.42,30.05,-2.1
1/13/2010 18:00,10.0,36,2,28,14,-10,40,5,290,21.41,30.04,-2.4
1/13/2010 19:00,10.0,34,1,26,14,-10,44,0,0,21.41,30.04,-3.0
1/13/2010 20:00,10.0,34,1,28,18,-8,52,0,0,21.41,30.04,-2.3
1/13/2010 21:00,10.0,34,1,28,18,-8,52,0,0,21.41,30.04,-2.3
1/13/2010 22:00,10.0,30,-1,26,19,-7,64,6,300,21.4,30.03,-3.4
1/13/2010 23:00,10.0,30,-1,26,19,-7,64,6,300,21.4,30.03,-3.4
1/14/2010 0:00,10.0,30,-1,26,19,-7,64,6,300,21.4,30.03,-3.4
1/14/2010 1:00,10.0,30,-1,26,19,-7,64,6,300,21.4,30.03,-3.4
1/14/2010 2:00,10.0,27,-3,25,21,-6,78,3,170,21.41,30.04,-4.0
1/14/2010 3:00,10.0,27,-3,25,21,-6,78,0,0,21.4,30.03,-4.0
1/14/2010 4:00,10.0,27,-3,25,21,-6,78,0,0,21.4,30.03,-4.0
1/14/2010 5:00,10.0,27,-3,25,21,-6,78,0,0,21.41,30.04,-4.0
1/14/2010 6:00,10.0,25,-4,23,19,-7,78,0,0,21.42,30.05,-5.1
1/14/2010 7:00,10.0,25,-4,23,19,-7,78,0,0,21.43,30.07,-5.1
1/14/2010 8:00,10.0,27,-3,24,19,-7,72,0,0,21.45,30.09,-4.4
1/14/2010 9:00,10.0,28,-2,25,19,-7,69,0,0,21.47,30.12,-4.1
1/14/2010 10:00,10.0,36,2,29,19,-7,50,0,0,21.49,30.14,-1.5
1/14/2010 11:00,10.0,36,2,30,21,-6,55,5,300,21.48,30.13,-1.1
1/14/2010 12:00,10.0,37,3,30,21,-6,52,7,300,21.47,30.12,-0.8
1/14/2010 13:00,10.0,37,3,30,21,-6,52,7,300,21.47,30.12,-0.8
1/14/2010 14:00,10.0,39,4,30,18,-8,43,9,300,21.48,30.13,-0.8
1/14/2010 15:00,10.0,36,2,29,19,-7,50,13,300,21.49,30.15,-1.5
1/14/2010 16:00,10.0,34,1,28,18,-8,52,5,290,21.52,30.18,-2.3
1/14/2010 17:00,10.0,30,-1,25,18,-8,61,0,0,21.53,30.2,-3.6
1/14/2010 18:00,10.0,30,-1,26,19,-7,64,0,0,21.54,30.21,-3.4
1/14/2010 19:00,10.0,28,-2,25,19,-7,69,0,0,21.55,30.23,-4.1
1/14/2010 20:00,10.0,27,-3,24,18,-8,69,0,0,21.58,30.27,-4.6
1/14/2010 21:00,10.0,25,-4,22,18,-8,75,0,0,21.6,30.29,-5.3
1/14/2010 22:00,10.0,25,-4,22,18,-8,75,6,160,21.6,30.29,-5.3
1/14/2010 23:00,10.0,25,-4,22,16,-9,69,6,150,21.6,30.29,-5.6
1/15/2010 0:00,10.0,21,-6,19,16,-9,81,8,150,21.6,30.29,-7.0
1/15/2010 1:00,10.0,21,-6,19,16,-9,81,0,0,21.6,30.29,-7.0
1/15/2010 2:00,10.0,21,-6,19,14,-10,74,6,150,21.6,30.29,-7.4
1/15/2010 3:00,10.0,21,-6,19,14,-10,74,7,160,21.59,30.28,-7.4
1/15/2010 4:00,10.0,21,-6,19,14,-10,74,3,120,21.59,30.28,-7.4
1/15/2010 5:00,10.0,21,-6,19,14,-10,74,3,120,21.59,30.28,-7.4
1/15/2010 6:00,10.0,21,-6,18,12,-11,68,0,0,21.6,30.29,-7.7
1/15/2010 7:00,10.0,19,-7,16,10,-12,68,7,150,21.62,30.31,-8.8
1/15/2010 8:00,10.0,23,-5,19,12,-11,63,5,160,21.64,30.34,-7.0
1/15/2010 9:00,10.0,27,-3,22,12,-11,53,3,180,21.64,30.34,-5.6
1/15/2010 10:00,10.0,30,-1,24,12,-11,47,0,0,21.65,30.35,-4.6
1/15/2010 11:00,10.0,36,2,27,12,-11,37,0,0,21.62,30.31,-2.7
1/15/2010 12:00,10.0,37,3,27,10,-12,33,0,0,21.6,30.29,-2.7
1/15/2010 13:00,10.0,39,4,28,9,-13,29,3,280,21.58,30.27,-2.2
1/15/2010 14:00,10.0,41,5,28,3,-16,20,6,300,21.58,30.26,-2.3
1/15/2010 15:00,10.0,39,4,28,7,-14,26,9,300,21.57,30.25,-2.4
1/15/2010 16:00,10.0,36,2,28,14,-10,40,10,300,21.58,30.26,-2.4
1/15/2010 17:00,10.0,30,-1,25,18,-8,61,5,310,21.58,30.26,-3.6
1/15/2010 18:00,10.0,28,-2,24,18,-8,66,3,290,21.58,30.27,-4.3
1/15/2010 19:00,10.0,28,-2,24,16,-9,61,6,150,21.58,30.27,-4.6
1/15/2010 20:00,10.0,27,-3,22,12,-11,53,7,150,21.58,30.26,-5.6
1/15/2010 21:00,10.0,27,-3,21,10,-12,49,3,150,21.57,30.25,-6.0
1/15/2010 22:00,10.0,25,-4,19,7,-14,46,6,160,21.57,30.25,-7.1
1/15/2010 23:00,10.0,27,-3,20,7,-14,43,6,160,21.55,30.23,-6.4
1/16/2010 0:00,10.0,25,-4,19,7,-14,46,7,160,21.55,30.22,-7.1
1/16/2010 1:00,10.0,25,-4,19,5,-15,42,6,160,21.55,30.22,-7.3
1/16/2010 2:00,10.0,25,-4,19,5,-15,42,6,160,21.55,30.22,-7.3
1/16/2010 3:00,10.0,25,-4,19,5,-15,42,8,160,21.52,30.18,-7.4
1/16/2010 4:00,10.0,25,-4,19,5,-15,42,6,170,21.51,30.17,-7.4
1/16/2010 5:00,10.0,27,-3,20,5,-15,39,6,140,21.5,30.16,-6.7
1/16/2010 6:00,10.0,25,-4,19,7,-14,46,7,150,21.51,30.17,-7.1
1/16/2010 7:00,10.0,25,-4,20,9,-13,51,7,150,21.51,30.17,-6.8
1/16/2010 8:00,10.0,30,-1,23,9,-13,41,6,160,21.51,30.17,-5.1
1/16/2010 9:00,10.0,32,0,24,10,-12,40,3,120,21.52,30.18,-4.3
1/16/2010 10:00,10.0,37,3,27,10,-12,33,0,0,21.5,30.16,-2.7
1/16/2010 11:00,10.0,41,5,29,10,-12,28,0,0,21.49,30.14,-1.4
1/16/2010 12:00,10.0,45,7,31,10,-12,24,0,0,21.45,30.1,-0.2
1/16/2010 13:00,10.0,46,8,32,10,-12,23,7,290,21.43,30.07,0.0
1/16/2010 14:00,10.0,45,7,31,10,-12,24,10,290,21.43,30.07,-0.2
1/16/2010 15:00,10.0,41,5,29,10,-12,28,9,300,21.44,30.08,-1.4
1/16/2010 16:00,10.0,39,4,28,9,-13,29,9,290,21.45,30.09,-2.2
1/16/2010 17:00,10.0,37,3,27,9,-13,31,0,0,21.45,30.1,-2.8
1/16/2010 18:00,10.0,36,2,27,10,-12,34,0,0,21.45,30.09,-3.0
1/16/2010 19:00,10.0,34,1,27,16,-9,48,6,150,21.44,30.08,-2.7
1/16/2010 20:00,10.0,36,2,28,14,-10,40,3,180,21.43,30.07,-2.4
1/16/2010 21:00,10.0,32,0,27,18,-8,56,0,0,21.44,30.08,-3.0
1/16/2010 22:00,10.0,30,-1,25,18,-8,61,3,140,21.44,30.08,-3.6
1/16/2010 23:00,10.0,32,0,27,18,-8,56,0,0,21.42,30.06,-3.0
1/17/2010 0:00,10.0,32,0,27,18,-8,56,0,0,21.42,30.05,-3.0
1/17/2010 1:00,10.0,32,0,27,18,-8,56,0,0,21.4,30.03,-3.0
1/17/2010 2:00,10.0,30,-1,25,18,-8,61,0,0,21.39,30.02,-3.6
1/17/2010 3:00,10.0,30,-1,25,18,-8,61,0,0,21.39,30.02,-3.6
1/17/2010 4:00,10.0,30,-1,25,18,-8,61,3,160,21.38,30.0,-3.6
1/17/2010 5:00,10.0,32,0,26,16,-9,52,0,0,21.37,29.99,-3.3
1/17/2010 6:00,10.0,30,-1,25,18,-8,61,0,0,21.38,30.0,-3.6
1/17/2010 7:00,10.0,32,0,27,18,-8,56,0,0,21.38,30.0,-3.0
1/17/2010 8:00,10.0,34,1,27,16,-9,48,0,0,21.39,30.01,-2.7
1/17/2010 9:00,10.0,32,0,27,18,-8,56,6,310,21.39,30.02,-3.0
1/17/2010 10:00,10.0,32,0,27,18,-8,56,6,240,21.39,30.01,-3.0
1/17/2010 11:00,10.0,37,3,28,14,-10,39,0,0,21.37,29.99,-2.1
1/17/2010 12:00,10.0,39,4,29,14,-10,36,0,0,21.34,29.95,-1.5
1/17/2010 13:00,10.0,41,5,32,18,-8,40,0,0,21.33,29.93,-0.2
1/17/2010 14:00,10.0,37,3,30,19,-7,48,15,290,21.33,29.93,-1.2
1/17/2010 15:00,10.0,37,3,30,19,-7,48,7,280,21.34,29.95,-1.2
1/17/2010 16:00,10.0,36,2,30,21,-6,55,7,300,21.36,29.97,-1.2
1/17/2010 17:00,10.0,32,0,28,21,-6,64,6,290,21.36,29.98,-2.4
1/17/2010 18:00,10.0,30,-1,26,21,-6,69,0,0,21.37,29.99,-3.0
1/17/2010 19:00,10.0,28,-2,25,21,-6,75,0,0,21.38,30.0,-3.7
1/17/2010 20:00,10.0,28,-2,25,21,-6,75,0,0,21.38,30.0,-3.7
1/17/2010 21:00,10.0,28,-2,25,19,-7,69,0,0,21.37,29.99,-4.1
1/17/2010 22:00,10.0,28,-2,24,18,-8,66,3,180,21.38,30.0,-4.3
1/17/2010 23:00,10.0,28,-2,24,18,-8,66,6,220,21.38,30.0,-4.3
1/18/2010 0:00,10.0,27,-3,24,18,-8,69,0,0,21.38,30.0,-4.6
1/18/2010 1:00,10.0,25,-4,22,16,-9,69,7,160,21.36,29.97,-5.6
1/18/2010 2:00,10.0,25,-4,21,12,-11,58,6,160,21.36,29.98,-6.3
1/18/2010 3:00,10.0,25,-4,20,10,-12,53,5,170,21.35,29.96,-6.7
1/18/2010 4:00,10.0,25,-4,20,9,-13,51,0,0,21.34,29.95,-6.8
1/18/2010 5:00,10.0,27,-3,19,3,-16,35,0,0,21.33,29.93,-6.9
1/18/2010 6:00,10.0,27,-3,19,3,-16,35,0,0,21.33,29.93,-6.9
1/18/2010 7:00,10.0,30,-1,25,18,-8,61,7,160,21.34,29.95,-3.6
1/18/2010 8:00,10.0,32,0,27,19,-7,59,0,0,21.34,29.95,-2.8
1/18/2010 9:00,4.0,32,0,28,21,-6,64,8,130,21.34,29.95,-2.4
1/18/2010 10:00,10.0,32,0,27,19,-7,59,0,0,21.36,29.97,-2.8
1/18/2010 11:00,10.0,36,2,29,19,-7,50,0,0,21.34,29.95,-1.5
1/18/2010 12:00,10.0,36,2,30,21,-6,55,7,180,21.33,29.93,-1.2
1/18/2010 13:00,10.0,36,2,30,21,-6,55,3,180,21.32,29.92,-1.2
1/18/2010 14:00,10.0,37,3,30,21,-6,52,0,0,21.3,29.9,-0.9
1/18/2010 15:00,10.0,36,2,31,23,-5,59,0,0,21.29,29.89,-0.8
1/18/2010 16:00,1.75,34,1,31,27,-3,76,5,300,21.31,29.91,-0.5
1/18/2010 17:00,10.0,32,0,30,27,-3,82,0,0,21.31,29.91,-1.1
1/18/2010 18:00,10.0,34,1,29,21,-6,59,9,150,21.31,29.91,-1.8
1/18/2010 19:00,10.0,34,1,29,23,-5,64,0,0,21.29,29.89,-1.4
1/18/2010 20:00,10.0,34,1,29,23,-5,64,0,0,21.29,29.89,-1.4
1/18/2010 21:00,7.0,32,0,30,27,-3,82,7,140,21.28,29.87,-1.1
1/18/2010 22:00,10.0,32,0,30,27,-3,82,8,120,21.27,29.86,-1.1
1/18/2010 23:00,10.0,34,1,29,23,-5,64,8,140,21.26,29.84,-1.4
1/19/2010 0:00,10.0,32,0,28,23,-5,69,0,0,21.26,29.84,-2.0
1/19/2010 1:00,4.0,30,-1,29,27,-3,89,7,140,21.26,29.84,-1.8
1/19/2010 2:00,3.0,30,-1,28,25,-4,82,8,170,21.24,29.81,-2.2
1/19/2010 3:00,5.0,28,-2,28,27,-3,96,0,0,21.24,29.82,-2.4
1/19/2010 4:00,10.0,28,-2,27,25,-4,89,0,0,21.23,29.8,-2.9
1/19/2010 5:00,10.0,28,-2,27,25,-4,89,6,160,21.21,29.78,-2.9
1/19/2010 6:00,10.0,28,-2,28,27,-3,96,0,0,21.21,29.78,-2.4
1/19/2010 7:00,1.5,28,-2,28,27,-3,96,0,0,21.21,29.77,-2.4
1/19/2010 8:00,1.5,28,-2,28,27,-3,96,0,0,21.21,29.77,-2.4
1/19/2010 9:00,1.5,28,-2,28,27,-3,96,0,0,21.21,29.77,-2.4
1/19/2010 10:00,2.5,28,-2,26,23,-5,82,0,0,21.22,29.79,-3.3
1/19/2010 11:00,10.0,30,-1,27,23,-5,75,0,0,21.21,29.78,-2.6
1/19/2010 12:00,10.0,32,0,28,21,-6,64,0,0,21.2,29.76,-2.4
1/19/2010 13:00,10.0,34,1,25,10,-12,37,9,260,21.19,29.75,-3.7
1/19/2010 14:00,10.0,34,1,25,10,-12,37,8,300,21.18,29.74,-3.7
1/19/2010 15:00,10.0,34,1,25,10,-12,37,8,300,21.18,29.74,-3.7
1/19/2010 16:00,10.0,28,-2,21,9,-13,45,5,310,21.19,29.75,-5.8
1/19/2010 17:00,10.0,28,-2,21,9,-13,45,5,310,21.19,29.75,-5.8
1/19/2010 18:00,10.0,28,-2,21,9,-13,45,5,310,21.19,29.75,-5.8
1/19/2010 19:00,10.0,25,-4,20,10,-12,53,0,0,21.17,29.72,-6.7
1/19/2010 20:00,10.0,27,-3,21,9,-13,47,3,130,21.16,29.71,-6.1
1/19/2010 21:00,10.0,28,-2,22,10,-12,47,10,170,21.17,29.72,-5.6
1/19/2010 22:00,10.0,25,-4,20,12,-11,58,6,160,21.14,29.69,-6.3
1/19/2010 23:00,10.0,27,-3,22,12,-11,53,7,150,21.08,29.61,-5.7
1/20/2010 0:00,10.0,27,-3,23,16,-9,63,5,160,21.08,29.6,-5.0
1/20/2010 1:00,7.0,25,-4,23,21,-6,85,6,160,21.04,29.55,-4.7
1/20/2010 2:00,2.0,27,-3,25,21,-6,78,7,170,21.03,29.54,-4.0
1/20/2010 3:00,5.0,27,-3,25,21,-6,78,3,150,21.0,29.5,-4.0
1/20/2010 4:00,10.0,28,-2,25,19,-7,69,8,200,20.97,29.46,-4.1
1/20/2010 5:00,10.0,30,-1,25,18,-8,61,7,250,20.98,29.47,-3.6
1/20/2010 6:00,2.0,27,-3,25,23,-5,85,3,110,20.99,29.49,-3.6
1/20/2010 7:00,4.0,27,-3,24,19,-7,72,7,150,20.99,29.49,-4.4
1/20/2010 8:00,4.0,27,-3,24,19,-7,72,7,150,20.99,29.49,-4.4
1/20/2010 9:00,4.0,28,-2,25,21,-6,75,0,0,21.02,29.53,-3.7
1/20/2010 10:00,2.0,28,-2,25,21,-6,75,0,0,21.04,29.55,-3.7
1/20/2010 11:00,10.0,28,-2,24,18,-8,66,10,290,21.04,29.55,-4.3
1/20/2010 12:00,10.0,28,-2,24,16,-9,61,11,300,21.03,29.54,-4.7
1/20/2010 13:00,7.0,28,-2,24,18,-8,66,5,330,21.05,29.56,-4.3
1/20/2010 14:00,7.0,28,-2,25,19,-7,69,11,320,21.07,29.59,-4.1
1/20/2010 15:00,7.0,28,-2,25,19,-7,69,11,320,21.07,29.59,-4.1
1/20/2010 16:00,1.5,27,-3,25,21,-6,78,3,290,21.11,29.64,-4.0
1/20/2010 17:00,10.0,27,-3,25,21,-6,78,0,0,21.13,29.67,-4.0
1/20/2010 18:00,10.0,25,-4,23,21,-6,85,6,150,21.13,29.68,-4.7
1/20/2010 19:00,10.0,25,-4,23,21,-6,85,6,150,21.13,29.68,-4.7
1/20/2010 20:00,10.0,19,-7,17,14,-10,81,9,150,21.13,29.68,-8.1
1/20/2010 21:00,10.0,19,-7,17,12,-11,74,9,160,21.13,29.67,-8.5
1/20/2010 22:00,10.0,19,-7,16,10,-12,68,5,190,21.12,29.66,-8.8
1/20/2010 23:00,10.0,21,-6,17,10,-12,62,5,160,21.11,29.65,-8.1
1/21/2010 0:00,10.0,23,-5,18,9,-13,55,3,190,21.11,29.64,-7.5
1/21/2010 1:00,10.0,27,-3,21,9,-13,47,6,140,21.11,29.64,-6.1
1/21/2010 2:00,10.0,27,-3,21,9,-13,47,6,140,21.11,29.64,-6.1
1/21/2010 3:00,10.0,27,-3,21,10,-12,49,10,150,21.1,29.63,-6.0
1/21/2010 4:00,10.0,27,-3,21,10,-12,49,13,150,21.07,29.59,-6.0
1/21/2010 5:00,7.0,27,-3,23,16,-9,63,3,60,21.08,29.6,-5.0
1/21/2010 6:00,10.0,28,-2,24,16,-9,61,0,0,21.06,29.58,-4.7
1/21/2010 7:00,10.0,28,-2,24,18,-8,66,8,110,21.05,29.57,-4.3
1/21/2010 8:00,10.0,30,-1,25,18,-8,61,11,120,21.05,29.56,-3.6
1/21/2010 9:00,7.0,28,-2,25,19,-7,69,15,200,21.06,29.58,-4.1
1/21/2010 10:00,10.0,28,-2,25,19,-7,69,10,160,21.08,29.61,-4.1
1/21/2010 11:00,10.0,30,-1,26,21,-6,69,0,0,21.06,29.58,-3.1
1/21/2010 12:00,10.0,30,-1,26,21,-6,69,0,0,21.01,29.52,-3.1
1/21/2010 13:00,7.0,30,-1,26,21,-6,69,7,170,20.99,29.49,-3.1
1/21/2010 14:00,4.0,30,-1,27,23,-5,75,5,220,20.97,29.46,-2.6
1/21/2010 15:00,0.75,30,-1,29,27,-3,89,5,80,20.98,29.48,-1.8
1/21/2010 16:00,0.75,30,-1,29,27,-3,89,8,120,20.98,29.47,-1.8
1/21/2010 17:00,2.0,30,-1,29,28,-2,92,7,120,20.98,29.47,-1.5
1/21/2010 18:00,1.25,30,-1,29,28,-2,92,5,110,20.98,29.47,-1.5
1/21/2010 19:00,0.5,30,-1,30,30,-1,100,3,120,20.95,29.44,-1.1
1/21/2010 20:00,1.0,32,0,31,30,-1,92,15,140,20.92,29.39,-0.4
1/21/2010 21:00,1.5,34,1,32,30,-1,85,16,170,20.91,29.38,0.1
1/21/2010 22:00,1.75,34,1,32,30,-1,85,16,180,20.9,29.37,0.1
1/21/2010 23:00,1.0,34,1,33,32,0,92,8,140,20.87,29.33,0.6
1/22/2010 0:00,1.0,34,1,33,32,0,92,0,0,20.85,29.31,0.6
1/22/2010 1:00,0.75,34,1,33,32,0,92,3,120,20.85,29.31,0.6
1/22/2010 2:00,1.75,32,0,30,28,-2,85,5,290,20.92,29.39,-0.9
1/22/2010 3:00,1.5,30,-1,29,28,-2,92,14,290,20.92,29.39,-1.5
1/22/2010 4:00,0.75,28,-2,28,27,-3,96,0,0,20.92,29.39,-2.4
1/22/2010 5:00,10.0,28,-2,25,21,-6,75,0,0,20.92,29.39,-3.7
1/22/2010 6:00,10.0,28,-2,24,18,-8,66,9,230,20.92,29.4,-4.3
1/22/2010 7:00,10.0,27,-3,24,18,-8,69,11,190,20.92,29.39,-4.6
1/22/2010 8:00,5.0,28,-2,24,16,-9,61,11,190,20.91,29.38,-4.7
1/22/2010 9:00,10.0,28,-2,24,16,-9,61,16,190,20.92,29.39,-4.7
1/22/2010 10:00,10.0,28,-2,24,16,-9,61,16,190,20.92,29.39,-4.7
1/22/2010 11:00,10.0,28,-2,24,18,-8,66,6,200,20.92,29.39,-4.3
1/22/2010 12:00,10.0,30,-1,24,14,-10,51,6,180,20.88,29.34,-4.4
1/22/2010 13:00,10.0,28,-2,24,18,-8,66,3,250,20.89,29.35,-4.3
1/22/2010 14:00,5.0,27,-3,24,19,-7,72,6,270,20.89,29.36,-4.4
1/22/2010 15:00,5.0,27,-3,24,19,-7,72,5,310,20.91,29.38,-4.4
1/22/2010 16:00,1.25,25,-4,23,21,-6,85,0,0,20.92,29.39,-4.7
1/22/2010 17:00,10.0,25,-4,23,19,-7,78,0,0,20.93,29.41,-5.1
1/22/2010 18:00,4.0,25,-4,23,19,-7,78,0,0,20.95,29.43,-5.1
1/22/2010 19:00,4.0,25,-4,22,18,-8,75,3,330,20.95,29.44,-5.3
1/22/2010 20:00,1.25,23,-5,22,19,-7,85,0,0,20.96,29.45,-5.8
1/22/2010 21:00,2.0,21,-6,20,19,-7,92,3,130,20.96,29.45,-6.5
1/22/2010 22:00,3.0,21,-6,21,21,-6,100,0,0,20.96,29.45,-6.1
1/22/2010 23:00,5.0,25,-4,22,18,-8,75,0,0,20.95,29.44,-5.3
1/23/2010 0:00,5.0,25,-4,22,18,-8,75,0,0,20.95,29.44,-5.3
1/23/2010 1:00,10.0,21,-6,20,18,-8,88,0,0,20.96,29.45,-6.7
1/23/2010 2:00,10.0,21,-6,19,14,-10,74,0,0,20.97,29.46,-7.4
1/23/2010 3:00,10.0,21,-6,19,14,-10,74,5,220,20.97,29.46,-7.4
1/23/2010 4:00,10.0,19,-7,17,14,-10,81,0,0,20.98,29.48,-8.1
1/23/2010 5:00,10.0,19,-7,17,12,-11,74,0,0,20.99,29.49,-8.5
1/23/2010 6:00,10.0,19,-7,17,12,-11,74,0,0,21.01,29.52,-8.5
1/23/2010 7:00,10.0,19,-7,17,12,-11,74,0,0,21.01,29.52,-8.5
1/23/2010 8:00,10.0,19,-7,17,14,-10,81,0,0,21.05,29.57,-8.1
1/23/2010 9:00,10.0,19,-7,17,12,-11,74,0,0,21.07,29.59,-8.5
1/23/2010 10:00,10.0,25,-4,20,10,-12,53,5,280,21.08,29.6,-6.7
1/23/2010 11:00,10.0,27,-3,22,14,-10,58,7,300,21.08,29.6,-5.3
1/23/2010 12:00,3.0,25,-4,22,16,-9,69,11,300,21.06,29.58,-5.7
1/23/2010 13:00,0.5,21,-6,20,18,-8,88,11,320,21.08,29.6,-6.7
1/23/2010 14:00,5.0,25,-4,22,16,-9,69,13,300,21.08,29.61,-5.7
1/23/2010 15:00,2.0,21,-6,20,18,-8,88,10,300,21.1,29.63,-6.7
1/23/2010 16:00,0.25,21,-6,20,18,-8,88,13,310,21.12,29.66,-6.7
1/23/2010 17:00,4.0,19,-7,18,16,-9,88,7,280,21.14,29.69,-7.8
1/23/2010 18:00,5.0,19,-7,19,18,-8,96,8,320,21.15,29.7,-7.4
1/23/2010 19:00,0.5,19,-7,18,16,-9,88,10,340,21.15,29.7,-7.8
1/23/2010 20:00,10.0,19,-7,17,12,-11,74,8,340,21.18,29.74,-8.5
1/23/2010 21:00,10.0,19,-7,17,12,-11,74,8,340,21.18,29.74,-8.5
1/23/2010 22:00,7.0,19,-7,17,14,-10,81,5,320,21.21,29.78,-8.1
1/23/2010 23:00,4.0,19,-7,17,12,-11,74,6,320,21.21,29.78,-8.5
1/24/2010 0:00,7.0,18,-8,16,12,-11,77,5,330,21.21,29.78,-8.8
1/24/2010 1:00,4.0,18,-8,15,10,-12,71,9,330,21.23,29.8,-9.1
1/24/2010 2:00,1.5,18,-8,16,12,-11,77,10,320,21.24,29.82,-8.8
1/24/2010 3:00,2.0,18,-8,16,12,-11,77,10,320,21.25,29.83,-8.8
1/24/2010 4:00,1.25,18,-8,16,12,-11,77,9,320,21.26,29.84,-8.8
1/24/2010 5:00,1.75,16,-9,15,14,-10,92,13,300,21.27,29.86,-9.2
1/24/2010 6:00,1.75,16,-9,15,12,-11,84,13,310,21.29,29.88,-9.6
1/24/2010 7:00,1.5,18,-8,15,10,-12,71,10,310,21.31,29.91,-9.1
1/24/2010 8:00,3.0,16,-9,15,12,-11,84,9,290,21.33,29.93,-9.6
1/24/2010 9:00,10.0,18,-8,15,10,-12,71,5,250,21.33,29.94,-9.1
1/24/2010 10:00,10.0,19,-7,16,9,-13,65,8,300,21.34,29.95,-8.9
1/24/2010 11:00,10.0,21,-6,17,10,-12,62,15,300,21.33,29.93,-8.1
1/24/2010 12:00,10.0,21,-6,17,10,-12,62,10,290,21.32,29.92,-8.1
1/24/2010 13:00,7.0,21,-6,17,10,-12,62,14,300,21.32,29.92,-8.1
1/24/2010 14:00,10.0,21,-6,18,12,-11,68,10,300,21.33,29.93,-7.7
1/24/2010 15:00,1.25,19,-7,17,14,-10,81,13,300,21.33,29.93,-8.1
1/24/2010 16:00,2.5,19,-7,17,14,-10,81,10,300,21.34,29.95,-8.1
1/24/2010 17:00,7.0,18,-8,16,12,-11,77,7,280,21.34,29.95,-8.8
1/24/2010 18:00,4.0,18,-8,17,14,-10,84,0,0,21.36,29.97,-8.5
1/24/2010 19:00,3.0,18,-8,17,14,-10,84,0,0,21.36,29.98,-8.5
1/24/2010 20:00,10.0,16,-9,14,9,-13,74,0,0,21.37,29.99,-10.0
1/24/2010 21:00,10.0,12,-11,11,10,-12,92,0,0,21.37,29.99,-11.4
1/24/2010 22:00,10.0,10,-12,9,5,-15,80,6,150,21.37,29.99,-12.9
1/24/2010 23:00,10.0,10,-12,9,7,-14,88,7,160,21.37,29.99,-12.6
1/25/2010 0:00,10.0,9,-13,7,3,-16,76,6,150,21.37,29.99,-13.6
1/25/2010 1:00,10.0,9,-13,7,3,-16,76,6,160,21.36,29.98,-13.6
1/25/2010 2:00,10.0,9,-13,7,3,-16,76,6,150,21.37,29.99,-13.6
1/25/2010 3:00,10.0,7,-14,5,1,-17,76,7,160,21.37,29.99,-14.7
1/25/2010 4:00,10.0,10,-12,8,3,-16,73,6,160,21.37,29.99,-13.2
1/25/2010 5:00,10.0,10,-12,8,1,-17,67,8,150,21.37,29.99,-13.5
1/25/2010 6:00,10.0,10,-12,8,1,-17,67,7,160,21.38,30.0,-13.5
1/25/2010 7:00,10.0,10,-12,8,1,-17,67,0,0,21.38,30.0,-13.5
1/25/2010 8:00,10.0,14,-10,11,3,-16,61,8,150,21.38,30.0,-11.7
1/25/2010 9:00,10.0,18,-8,15,7,-14,62,3,130,21.39,30.01,-9.6
1/25/2010 10:00,10.0,25,-4,19,7,-14,46,0,0,21.41,30.04,-7.1
1/25/2010 11:00,10.0,28,-2,20,1,-17,31,0,0,21.39,30.02,-6.8
1/25/2010 12:00,10.0,30,-1,21,1,-17,29,6,270,21.39,30.02,-6.1
1/25/2010 13:00,10.0,32,0,23,5,-15,32,7,300,21.4,30.03,-5.0
1/25/2010 14:00,10.0,32,0,23,7,-14,35,0,0,21.4,30.03,-4.7
1/25/2010 15:00,10.0,34,1,25,7,-14,32,0,0,21.39,30.02,-4.1
1/25/2010 16:00,10.0,30,-1,23,10,-12,43,0,0,21.39,30.02,-5.0
1/25/2010 17:00,10.0,28,-2,22,12,-11,51,0,0,21.41,30.04,-5.3
1/25/2010 18:00,10.0,25,-4,22,16,-9,69,0,0,21.42,30.06,-5.6
1/25/2010 19:00,10.0,21,-6,19,14,-10,74,6,140,21.42,30.05,-7.4
1/25/2010 20:00,10.0,21,-6,19,16,-9,81,6,170,21.42,30.06,-7.0
1/25/2010 21:00,10.0,21,-6,19,16,-9,81,5,170,21.42,30.05,-7.0
1/25/2010 22:00,10.0,21,-6,19,16,-9,81,7,160,21.41,30.04,-7.0
1/25/2010 23:00,10.0,21,-6,19,16,-9,81,7,160,21.4,30.03,-7.0
1/26/2010 0:00,10.0,19,-7,17,12,-11,74,5,200,21.39,30.02,-8.5
1/26/2010 1:00,10.0,19,-7,17,12,-11,74,10,160,21.4,30.03,-8.5
1/26/2010 2:00,10.0,19,-7,16,9,-13,65,6,160,21.39,30.02,-8.9
1/26/2010 3:00,10.0,18,-8,15,9,-13,68,5,150,21.39,30.02,-9.3
1/26/2010 4:00,10.0,18,-8,15,7,-14,62,6,150,21.4,30.03,-9.6
1/26/2010 5:00,10.0,18,-8,15,9,-13,68,0,0,21.41,30.04,-9.3
1/26/2010 6:00,10.0,18,-8,15,7,-14,62,6,150,21.41,30.04,-9.6
1/26/2010 7:00,10.0,19,-7,16,10,-12,68,7,160,21.42,30.05,-8.8
1/26/2010 8:00,10.0,21,-6,17,10,-12,62,3,150,21.42,30.06,-8.1
1/26/2010 9:00,10.0,25,-4,20,10,-12,53,7,150,21.42,30.05,-6.6
1/26/2010 10:00,10.0,28,-2,23,14,-10,56,0,0,21.41,30.04,-5.0
1/26/2010 11:00,10.0,36,2,27,12,-11,37,0,0,21.39,30.02,-2.7
1/26/2010 12:00,10.0,37,3,30,21,-6,52,0,0,21.37,29.99,-0.9
1/26/2010 13:00,3.0,34,1,30,25,-4,70,0,0,21.37,29.99,-1.0
1/26/2010 14:00,10.0,34,1,31,28,-2,79,8,150,21.37,29.99,-0.3
1/26/2010 15:00,10.0,32,0,29,25,-4,75,8,290,21.38,30.0,-1.6
1/26/2010 16:00,10.0,34,1,31,27,-3,76,0,0,21.39,30.01,-0.5
1/26/2010 17:00,10.0,34,1,31,27,-3,76,6,170,21.39,30.01,-0.5
1/26/2010 18:00,10.0,34,1,31,27,-3,76,0,0,21.39,30.01,-0.5
1/26/2010 19:00,10.0,34,1,31,27,-3,76,3,200,21.39,30.02,-0.5
1/26/2010 20:00,10.0,30,-1,29,27,-3,89,0,0,21.4,30.03,-1.8
1/26/2010 21:00,10.0,30,-1,29,27,-3,89,0,0,21.4,30.03,-1.8
1/26/2010 22:00,10.0,30,-1,29,27,-3,89,5,170,21.41,30.04,-1.8
1/26/2010 23:00,10.0,27,-3,25,21,-6,78,8,160,21.4,30.03,-4.0
1/27/2010 0:00,10.0,27,-3,24,19,-7,72,3,170,21.39,30.01,-4.4
1/27/2010 1:00,10.0,27,-3,24,18,-8,69,6,160,21.39,30.01,-4.6
1/27/2010 2:00,10.0,23,-5,21,16,-9,74,3,160,21.39,30.02,-6.3
1/27/2010 3:00,10.0,25,-4,22,16,-9,69,8,140,21.38,30.0,-5.6
1/27/2010 4:00,10.0,25,-4,22,16,-9,69,0,0,21.39,30.02,-5.6
1/27/2010 5:00,10.0,27,-3,23,16,-9,63,6,160,21.39,30.02,-5.0
1/27/2010 6:00,10.0,27,-3,23,16,-9,63,0,0,21.41,30.04,-5.0
1/27/2010 7:00,10.0,28,-2,24,18,-8,66,3,120,21.41,30.04,-4.3
1/27/2010 8:00,10.0,32,0,27,19,-7,59,10,170,21.42,30.06,-2.8
1/27/2010 9:00,7.0,32,0,28,21,-6,64,6,150,21.42,30.06,-2.4
1/27/2010 10:00,0.75,30,-1,29,27,-3,89,5,110,21.42,30.06,-1.8
1/27/2010 11:00,3.0,34,1,31,28,-2,79,5,150,21.41,30.04,-0.3
1/27/2010 12:00,10.0,37,3,33,28,-2,70,0,0,21.39,30.01,0.5
1/27/2010 13:00,10.0,37,3,33,28,-2,70,0,0,21.39,30.01,0.5
1/27/2010 14:00,10.0,37,3,33,28,-2,70,3,130,21.39,30.01,0.5
1/27/2010 15:00,7.0,36,2,33,30,-1,79,0,0,21.39,30.01,0.7
1/27/2010 16:00,10.0,37,3,33,28,-2,70,6,120,21.39,30.01,0.5
1/27/2010 17:00,10.0,37,3,32,25,-4,62,9,200,21.39,30.01,0.0
1/27/2010 18:00,10.0,36,2,31,25,-4,64,0,0,21.39,30.01,-0.3
1/27/2010 19:00,10.0,34,1,30,25,-4,70,5,150,21.39,30.01,-1.0
1/27/2010 20:00,10.0,36,2,31,25,-4,64,0,0,21.39,30.01,-0.3
1/27/2010 21:00,10.0,34,1,31,27,-3,76,7,140,21.39,30.01,-0.5
1/27/2010 22:00,10.0,36,2,31,23,-5,59,0,0,21.39,30.01,-0.8
1/27/2010 23:00,10.0,36,2,31,23,-5,59,0,0,21.39,30.01,-0.8
1/28/2010 0:00,10.0,34,1,29,23,-5,64,0,0,21.37,29.99,-1.4
1/28/2010 1:00,10.0,32,0,29,25,-4,75,0,0,21.37,29.99,-1.6
1/28/2010 2:00,0.75,28,-2,28,28,-2,100,3,290,21.37,29.99,-2.2
1/28/2010 3:00,1.25,28,-2,28,27,-3,96,5,310,21.37,29.99,-2.4
1/28/2010 4:00,7.0,28,-2,28,27,-3,96,0,0,21.38,30.0,-2.4
1/28/2010 5:00,7.0,27,-3,27,27,-3,100,0,0,21.38,30.0,-2.7
1/28/2010 6:00,7.0,27,-3,27,27,-3,100,0,0,21.39,30.02,-2.7
1/28/2010 7:00,10.0,0,0,0,0,0,0,3,170,21.4,30.03,0.0
1/28/2010 8:00,10.0,28,-2,28,27,-3,96,0,0,21.41,30.04,-2.4
1/28/2010 9:00,10.0,28,-2,28,27,-3,96,3,150,21.41,30.04,-2.4
1/28/2010 10:00,10.0,32,0,29,25,-4,75,0,0,21.4,30.03,-1.6
1/28/2010 11:00,10.0,36,2,31,25,-4,64,0,0,21.37,29.99,-0.3
1/28/2010 12:00,10.0,37,3,32,25,-4,62,0,0,21.34,29.95,0.0
1/28/2010 13:00,10.0,39,4,31,21,-6,48,9,280,21.34,29.95,-0.2
1/28/2010 14:00,10.0,36,2,31,23,-5,59,10,290,21.34,29.95,-0.8
1/28/2010 15:00,10.0,36,2,31,25,-4,64,11,300,21.35,29.96,-0.3
1/28/2010 16:00,10.0,34,1,30,25,-4,70,5,280,21.36,29.97,-1.0
1/28/2010 17:00,10.0,34,1,30,25,-4,70,5,280,21.36,29.97,-1.0
1/28/2010 18:00,10.0,28,-2,27,25,-4,89,0,0,21.38,30.0,-2.9
1/28/2010 19:00,10.0,27,-3,26,25,-4,92,0,0,21.38,30.0,-3.2
1/28/2010 20:00,10.0,27,-3,26,25,-4,92,5,140,21.39,30.01,-3.2
1/28/2010 21:00,10.0,27,-3,26,25,-4,92,5,140,21.39,30.01,-3.2
1/28/2010 22:00,10.0,27,-3,26,25,-4,92,0,0,21.4,30.03,-3.2
1/28/2010 23:00,10.0,27,-3,26,25,-4,92,0,0,21.39,30.02,-3.2
1/29/2010 0:00,10.0,27,-3,26,25,-4,92,0,0,21.39,30.02,-3.2
1/29/2010 1:00,10.0,27,-3,26,25,-4,92,0,0,21.39,30.01,-3.2
1/29/2010 2:00,10.0,27,-3,26,25,-4,92,0,0,21.39,30.01,-3.2
1/29/2010 3:00,10.0,27,-3,25,23,-5,85,6,140,21.39,30.01,-3.6
1/29/2010 4:00,10.0,25,-4,24,23,-5,92,7,130,21.39,30.02,-4.3
1/29/2010 5:00,10.0,25,-4,24,23,-5,92,0,0,21.39,30.02,-4.3
1/29/2010 6:00,10.0,25,-4,23,21,-6,85,6,130,21.41,30.04,-4.7
1/29/2010 7:00,10.0,23,-5,22,21,-6,92,3,120,21.39,30.01,-5.4
1/29/2010 8:00,10.0,23,-5,22,19,-7,85,5,130,21.39,30.02,-5.8
1/29/2010 9:00,10.0,25,-4,23,19,-7,78,0,0,21.39,30.02,-5.1
1/29/2010 10:00,10.0,30,-1,26,19,-7,64,3,260,21.42,30.05,-3.4
1/29/2010 11:00,10.0,34,1,29,21,-6,59,0,0,21.4,30.03,-1.8
1/29/2010 12:00,10.0,37,3,30,21,-6,52,5,290,21.39,30.01,-0.8
1/29/2010 13:00,10.0,37,3,30,21,-6,52,5,290,21.39,30.01,-0.8
1/29/2010 14:00,10.0,36,2,29,19,-7,50,11,300,21.39,30.01,-1.5
1/29/2010 15:00,10.0,36,2,29,19,-7,50,8,300,21.4,30.03,-1.5
1/29/2010 16:00,10.0,34,1,29,23,-5,64,8,300,21.41,30.04,-1.4
1/29/2010 17:00,10.0,30,-1,28,25,-4,82,8,290,21.42,30.05,-2.2
1/29/2010 18:00,10.0,30,-1,28,25,-4,82,8,290,21.42,30.05,-2.2
1/29/2010 19:00,10.0,27,-3,26,25,-4,92,0,0,21.44,30.08,-3.2
1/29/2010 20:00,10.0,28,-2,27,25,-4,89,0,0,21.44,30.08,-2.9
1/29/2010 21:00,10.0,28,-2,25,21,-6,75,5,150,21.44,30.08,-3.7
1/29/2010 22:00,10.0,25,-4,23,19,-7,78,7,160,21.43,30.07,-5.1
1/29/2010 23:00,10.0,25,-4,23,19,-7,78,3,170,21.43,30.07,-5.1
1/30/2010 0:00,10.0,19,-7,18,16,-9,88,6,150,21.44,30.08,-7.7
1/30/2010 1:00,10.0,21,-6,19,16,-9,81,5,160,21.44,30.08,-7.0
1/30/2010 2:00,10.0,19,-7,18,16,-9,88,7,140,21.42,30.06,-7.7
1/30/2010 3:00,10.0,19,-7,17,14,-10,81,5,150,21.41,30.04,-8.1
1/30/2010 4:00,10.0,19,-7,17,14,-10,81,0,0,21.41,30.04,-8.1
1/30/2010 5:00,10.0,19,-7,17,12,-11,74,5,150,21.42,30.05,-8.5
1/30/2010 6:00,10.0,19,-7,16,10,-12,68,3,160,21.41,30.04,-8.8
1/30/2010 7:00,10.0,19,-7,16,10,-12,68,3,140,21.42,30.06,-8.8
1/30/2010 8:00,10.0,19,-7,16,10,-12,68,3,140,21.42,30.06,-8.8
1/30/2010 9:00,10.0,30,-1,24,14,-10,51,5,160,21.41,30.04,-4.3
1/30/2010 10:00,10.0,36,2,27,12,-11,37,0,0,21.41,30.04,-2.7
1/30/2010 11:00,10.0,39,4,29,12,-11,33,9,290,21.39,30.01,-1.8
1/30/2010 12:00,10.0,37,3,29,18,-8,46,7,300,21.37,29.99,-1.4
1/30/2010 13:00,10.0,37,3,30,19,-7,48,11,290,21.36,29.97,-1.2
1/30/2010 14:00,10.0,37,3,30,21,-6,52,8,300,21.36,29.97,-0.9
1/30/2010 15:00,10.0,36,2,30,21,-6,55,8,290,21.36,29.97,-1.2
1/30/2010 16:00,10.0,36,2,30,21,-6,55,8,290,21.36,29.97,-1.2
1/30/2010 17:00,10.0,30,-1,26,21,-6,69,5,290,21.36,29.98,-3.0
1/30/2010 18:00,10.0,28,-2,26,23,-5,82,9,300,21.37,29.99,-3.3
1/30/2010 19:00,10.0,27,-3,25,21,-6,78,7,130,21.37,29.99,-4.0
1/30/2010 20:00,10.0,27,-3,25,21,-6,78,5,190,21.36,29.97,-4.0
1/30/2010 21:00,10.0,30,-1,24,14,-10,51,5,120,21.35,29.96,-4.3
1/30/2010 22:00,10.0,30,-1,24,14,-10,51,5,120,21.35,29.96,-4.3
1/30/2010 23:00,10.0,27,-3,24,18,-8,69,10,280,21.34,29.95,-4.6
1/31/2010 0:00,10.0,25,-4,23,19,-7,78,6,300,21.33,29.94,-5.1
1/31/2010 1:00,0.5,21,-6,20,19,-7,92,0,0,21.34,29.95,-6.5
1/31/2010 2:00,0.75,19,-7,19,18,-8,96,0,0,21.34,29.95,-7.4
1/31/2010 3:00,7.0,0,0,0,0,0,0,0,0,21.35,29.96,0.0
1/31/2010 4:00,7.0,0,0,0,0,0,0,14,150,21.33,29.93,0.0
1/31/2010 5:00,10.0,0,0,0,0,0,0,0,0,21.33,29.93,0.0
1/31/2010 6:00,10.0,0,0,0,0,0,0,6,160,21.34,29.95,0.0
1/31/2010 7:00,10.0,0,0,0,0,0,0,3,140,21.34,29.95,0.0
1/31/2010 8:00,10.0,0,0,0,0,0,0,0,0,21.35,29.96,0.0
1/31/2010 9:00,10.0,25,-4,21,14,-10,63,8,150,21.36,29.97,-6.0
1/31/2010 10:00,10.0,30,-1,24,12,-11,47,0,0,21.34,29.95,-4.6
1/31/2010 11:00,10.0,36,2,27,12,-11,37,6,300,21.33,29.93,-2.7
1/31/2010 12:00,10.0,36,2,28,16,-9,44,10,300,21.3,29.9,-2.1
1/31/2010 13:00,10.0,36,2,29,18,-8,48,11,310,21.29,29.88,-1.7
1/31/2010 14:00,10.0,34,1,28,19,-7,54,14,310,21.29,29.89,-2.2
1/31/2010 15:00,10.0,30,-1,26,19,-7,64,17,300,21.29,29.89,-3.4
1/31/2010 16:00,10.0,30,-1,26,19,-7,64,17,300,21.29,29.89,-3.4
1/31/2010 17:00,10.0,27,-3,25,23,-5,85,8,310,21.31,29.91,-3.6
1/31/2010 18:00,10.0,27,-3,25,21,-6,78,7,300,21.33,29.93,-4.0
1/31/2010 19:00,10.0,27,-3,25,21,-6,78,7,300,21.33,29.93,-4.0
1/31/2010 20:00,10.0,23,-5,22,21,-6,92,0,0,21.33,29.93,-5.4
1/31/2010 21:00,10.0,23,-5,22,21,-6,92,0,0,21.33,29.93,-5.4
1/31/2010 22:00,10.0,23,-5,22,21,-6,92,0,0,21.33,29.93,-5.4
1/31/2010 23:00,10.0,23,-5,22,21,-6,92,0,0,21.33,29.93,-5.4
2/1/2010 0:00,10.0,18,-8,16,12,-11,77,6,150,21.34,29.95,-8.8
2/1/2010 1:00,10.0,16,-9,14,10,-12,77,6,170,21.34,29.95,-9.9
2/1/2010 2:00,10.0,16,-9,14,9,-13,74,3,180,21.34,29.95,-10.0
2/1/2010 3:00,10.0,14,-10,12,9,-13,80,0,0,21.34,29.95,-10.8
2/1/2010 4:00,10.0,12,-11,11,9,-13,88,7,160,21.33,29.94,-11.6
2/1/2010 5:00,10.0,12,-11,11,7,-14,80,6,160,21.33,29.94,-11.9
2/1/2010 6:00,10.0,12,-11,11,7,-14,80,5,160,21.33,29.94,-11.9
2/1/2010 7:00,10.0,10,-12,9,5,-15,80,3,160,21.35,29.96,-12.9
2/1/2010 8:00,10.0,16,-9,13,7,-14,67,0,0,21.37,29.99,-10.3
2/1/2010 9:00,10.0,19,-7,15,7,-14,59,0,0,21.37,29.99,-9.2
2/1/2010 10:00,10.0,23,-5,19,10,-12,57,0,0,21.37,29.99,-7.3
2/1/2010 11:00,10.0,28,-2,22,9,-13,45,0,0,21.36,29.97,-5.8
2/1/2010 12:00,10.0,30,-1,21,1,-17,29,7,280,21.34,29.95,-6.1
2/1/2010 13:00,10.0,30,-1,21,1,-17,29,7,280,21.34,29.95,-6.1
2/1/2010 14:00,10.0,30,-1,22,7,-14,38,11,300,21.34,29.95,-5.4
2/1/2010 15:00,10.0,30,-1,23,10,-12,43,9,290,21.36,29.97,-5.0
2/1/2010 16:00,10.0,28,-2,23,14,-10,56,7,290,21.36,29.97,-5.0
2/1/2010 17:00,10.0,25,-4,22,16,-9,69,5,280,21.37,29.99,-5.6
2/1/2010 18:00,10.0,25,-4,21,14,-10,63,0,0,21.37,29.99,-6.0
2/1/2010 19:00,10.0,19,-7,16,10,-12,68,3,150,21.38,30.0,-8.8
2/1/2010 20:00,10.0,18,-8,15,9,-13,68,5,160,21.39,30.01,-9.3
2/1/2010 21:00,10.0,18,-8,15,9,-13,68,5,160,21.39,30.02,-9.3
2/1/2010 22:00,10.0,16,-9,13,7,-14,67,7,160,21.39,30.02,-10.3
2/1/2010 23:00,10.0,14,-10,12,9,-13,80,6,170,21.39,30.02,-10.8
2/2/2010 0:00,10.0,14,-10,12,7,-14,74,6,160,21.39,30.02,-11.1
2/2/2010 1:00,10.0,12,-11,10,3,-16,67,8,170,21.39,30.02,-12.4
2/2/2010 2:00,10.0,16,-9,12,0,-18,49,6,150,21.39,30.01,-11.3
2/2/2010 3:00,10.0,16,-9,11,-2,-19,45,6,160,21.37,29.99,-11.5
2/2/2010 4:00,10.0,19,-7,13,-4,-20,36,0,0,21.38,30.0,-10.6
2/2/2010 5:00,10.0,16,-9,11,-4,-20,41,7,160,21.37,29.99,-11.7
2/2/2010 6:00,10.0,18,-8,12,-6,-21,34,7,160,21.37,29.99,-11.1
2/2/2010 7:00,10.0,18,-8,12,-6,-21,34,6,170,21.38,30.0,-11.1
2/2/2010 8:00,10.0,18,-8,13,0,-18,45,3,140,21.39,30.02,-10.5
2/2/2010 9:00,10.0,23,-5,16,1,-17,38,0,0,21.39,30.02,-8.6
2/2/2010 10:00,10.0,32,0,21,-6,-21,19,0,0,21.39,30.02,-6.1
2/2/2010 11:00,10.0,34,1,22,-6,-21,17,8,290,21.39,30.01,-5.4
2/2/2010 12:00,10.0,36,2,24,0,-18,21,8,300,21.36,29.97,-4.2
2/2/2010 13:00,10.0,37,3,25,1,-17,22,8,300,21.34,29.95,-3.8
2/2/2010 14:00,10.0,36,2,25,3,-16,25,9,300,21.34,29.95,-3.9
2/2/2010 15:00,10.0,36,2,24,1,-17,22,8,300,21.34,29.95,-4.1
2/2/2010 16:00,10.0,34,1,24,3,-16,27,7,300,21.36,29.97,-4.6
2/2/2010 17:00,10.0,30,-1,23,10,-12,43,5,310,21.36,29.97,-5.0
2/2/2010 18:00,10.0,27,-3,22,12,-11,53,0,0,21.36,29.98,-5.7
2/2/2010 19:00,10.0,27,-3,21,10,-12,49,5,160,21.37,29.99,-6.0
2/2/2010 20:00,10.0,27,-3,20,7,-14,43,3,140,21.36,29.97,-6.4
2/2/2010 21:00,10.0,27,-3,19,3,-16,35,7,150,21.36,29.97,-6.9
2/2/2010 22:00,10.0,27,-3,20,5,-15,39,6,150,21.36,29.97,-6.7
2/2/2010 23:00,10.0,25,-4,18,1,-17,35,8,170,21.34,29.95,-7.9
2/3/2010 0:00,10.0,25,-4,18,0,-18,33,6,160,21.33,29.94,-8.0
2/3/2010 1:00,10.0,23,-5,16,1,-17,38,6,130,21.33,29.93,-8.6
2/3/2010 2:00,10.0,23,-5,16,1,-17,38,3,150,21.34,29.95,-8.6
2/3/2010 3:00,10.0,25,-4,18,3,-16,38,3,180,21.32,29.92,-7.6
2/3/2010 4:00,10.0,23,-5,17,3,-16,42,6,150,21.32,29.92,-8.3
2/3/2010 5:00,10.0,21,-6,16,3,-16,45,5,170,21.32,29.92,-9.0
2/3/2010 6:00,10.0,19,-7,14,3,-16,49,6,160,21.31,29.91,-9.8
2/3/2010 7:00,10.0,21,-6,16,3,-16,45,0,0,21.29,29.89,-9.0
2/3/2010 8:00,10.0,23,-5,17,3,-16,42,0,0,21.29,29.88,-8.3
2/3/2010 9:00,10.0,23,-5,17,3,-16,42,0,0,21.29,29.88,-8.3
2/3/2010 10:00,10.0,30,-1,22,7,-14,38,0,0,21.27,29.86,-5.4
2/3/2010 11:00,10.0,34,1,25,7,-14,32,0,0,21.26,29.84,-4.1
2/3/2010 12:00,10.0,37,3,25,3,-16,24,6,310,21.23,29.8,-3.6
2/3/2010 13:00,10.0,37,3,26,5,-15,26,7,300,21.21,29.78,-3.4
2/3/2010 14:00,10.0,37,3,26,7,-14,28,7,300,21.2,29.76,-3.1
2/3/2010 15:00,10.0,36,2,26,7,-14,30,3,320,21.21,29.77,-3.4
2/3/2010 16:00,10.0,36,2,26,9,-13,32,3,260,21.21,29.78,-3.2
2/3/2010 17:00,10.0,34,1,25,9,-13,35,5,270,21.23,29.8,-3.8
2/3/2010 18:00,10.0,30,-1,23,9,-13,41,8,300,21.23,29.8,-5.1
2/3/2010 19:00,10.0,28,-2,24,18,-8,66,9,300,21.24,29.81,-4.3
2/3/2010 20:00,10.0,27,-3,25,21,-6,78,0,0,21.23,29.8,-4.0
2/3/2010 21:00,10.0,27,-3,25,21,-6,78,0,0,21.21,29.78,-4.0
2/3/2010 22:00,10.0,27,-3,24,19,-7,72,3,160,21.21,29.77,-4.4
2/3/2010 23:00,10.0,27,-3,24,19,-7,72,5,160,21.21,29.77,-4.4
2/4/2010 0:00,2.0,27,-3,25,23,-5,85,0,0,21.21,29.78,-3.6
2/4/2010 1:00,1.0,27,-3,26,25,-4,92,0,0,21.22,29.79,-3.2
2/4/2010 2:00,4.0,27,-3,26,25,-4,92,0,0,21.23,29.8,-3.2
2/4/2010 3:00,3.0,27,-3,26,25,-4,92,0,0,21.22,29.79,-3.2
2/4/2010 4:00,10.0,27,-3,26,25,-4,92,0,0,21.23,29.8,-3.2
2/4/2010 5:00,1.5,27,-3,26,25,-4,92,0,0,21.24,29.81,-3.2
2/4/2010 6:00,1.25,25,-4,25,25,-4,100,0,0,21.24,29.81,-3.8
2/4/2010 7:00,0.75,25,-4,24,23,-5,92,0,0,21.25,29.83,-4.3
2/4/2010 8:00,10.0,27,-3,25,23,-5,85,0,0,21.26,29.84,-3.6
2/4/2010 9:00,10.0,28,-2,26,23,-5,82,0,0,21.26,29.85,-3.3
2/4/2010 10:00,10.0,32,0,28,21,-6,64,6,290,21.28,29.87,-2.4
2/4/2010 11:00,10.0,34,1,28,18,-8,52,8,290,21.27,29.86,-2.3
2/4/2010 12:00,10.0,34,1,27,16,-9,48,8,280,21.26,29.84,-2.7
2/4/2010 13:00,10.0,34,1,27,16,-9,48,8,280,21.26,29.84,-2.7
2/4/2010 14:00,10.0,34,1,26,12,-11,40,7,280,21.26,29.84,-3.4
2/4/2010 15:00,10.0,34,1,26,14,-10,44,10,300,21.26,29.85,-3.0
2/4/2010 16:00,10.0,32,0,25,12,-11,43,8,310,21.27,29.86,-4.0
2/4/2010 17:00,10.0,28,-2,22,12,-11,51,5,320,21.29,29.89,-5.3
2/4/2010 18:00,10.0,27,-3,22,14,-10,58,0,0,21.31,29.91,-5.3
2/4/2010 19:00,10.0,23,-5,19,12,-11,63,6,150,21.33,29.93,-7.0
2/4/2010 20:00,10.0,21,-6,18,12,-11,68,5,150,21.34,29.95,-7.7
2/4/2010 21:00,10.0,21,-6,18,12,-11,68,7,160,21.34,29.95,-7.7
2/4/2010 22:00,10.0,19,-7,16,10,-12,68,7,160,21.35,29.96,-8.8
2/4/2010 23:00,10.0,19,-7,16,10,-12,68,6,150,21.36,29.97,-8.8
2/5/2010 0:00,10.0,19,-7,16,9,-13,65,6,150,21.37,29.99,-8.9
2/5/2010 1:00,10.0,18,-8,15,9,-13,68,7,150,21.37,29.99,-9.3
2/5/2010 2:00,10.0,18,-8,15,9,-13,68,7,160,21.37,29.99,-9.3
2/5/2010 3:00,10.0,21,-6,17,9,-13,60,6,140,21.37,29.99,-8.2
2/5/2010 4:00,10.0,21,-6,17,9,-13,60,6,160,21.38,30.0,-8.2
2/5/2010 5:00,10.0,21,-6,17,9,-13,60,6,160,21.38,30.0,-8.2
2/5/2010 6:00,10.0,25,-4,20,10,-12,53,0,0,21.38,30.0,-6.6
2/5/2010 7:00,10.0,27,-3,22,12,-11,53,6,160,21.37,29.99,-5.7
2/5/2010 8:00,10.0,28,-2,22,10,-12,47,3,140,21.38,30.0,-5.6
2/5/2010 9:00,10.0,28,-2,22,12,-11,51,3,200,21.39,30.02,-5.3
2/5/2010 10:00,10.0,34,1,26,12,-11,40,7,280,21.4,30.03,-3.3
2/5/2010 11:00,10.0,36,2,27,10,-12,34,0,0,21.39,30.01,-3.0
2/5/2010 12:00,10.0,34,1,26,12,-11,40,13,300,21.39,30.01,-3.3
2/5/2010 13:00,10.0,36,2,28,16,-9,44,6,310,21.37,29.99,-2.1
2/5/2010 14:00,10.0,36,2,28,16,-9,44,6,290,21.37,29.99,-2.1
2/5/2010 15:00,10.0,36,2,29,18,-8,48,11,300,21.37,29.99,-1.7
2/5/2010 16:00,10.0,34,1,28,18,-8,52,9,300,21.37,29.99,-2.3
2/5/2010 17:00,10.0,34,1,28,18,-8,52,8,320,21.39,30.01,-2.3
2/5/2010 18:00,10.0,30,-1,26,19,-7,64,7,280,21.39,30.01,-3.4
2/5/2010 19:00,10.0,28,-2,25,21,-6,75,6,290,21.39,30.02,-3.7
2/5/2010 20:00,10.0,27,-3,25,23,-5,85,6,300,21.41,30.04,-3.6
2/5/2010 21:00,10.0,25,-4,23,19,-7,78,0,0,21.41,30.04,-5.1
2/5/2010 22:00,10.0,25,-4,22,18,-8,75,0,0,21.42,30.05,-5.3
2/5/2010 23:00,10.0,27,-3,24,18,-8,69,3,150,21.42,30.06,-4.6
2/6/2010 0:00,10.0,27,-3,24,19,-7,72,6,130,21.42,30.05,-4.4
2/6/2010 1:00,10.0,27,-3,24,19,-7,72,7,150,21.41,30.04,-4.4
2/6/2010 2:00,10.0,27,-3,24,18,-8,69,6,120,21.39,30.02,-4.6
2/6/2010 3:00,10.0,28,-2,24,18,-8,66,7,130,21.38,30.0,-4.3
2/6/2010 4:00,10.0,28,-2,24,18,-8,66,0,0,21.38,30.0,-4.3
2/6/2010 5:00,7.0,28,-2,25,21,-6,75,6,140,21.37,29.99,-3.7
2/6/2010 6:00,7.0,28,-2,25,21,-6,75,6,140,21.37,29.99,-3.7
2/6/2010 7:00,3.0,28,-2,27,25,-4,89,7,150,21.38,30.0,-2.9
2/6/2010 8:00,10.0,28,-2,27,25,-4,89,6,160,21.37,29.99,-2.9
2/6/2010 9:00,10.0,30,-1,28,25,-4,82,0,0,21.38,30.0,-2.2
2/6/2010 10:00,10.0,34,1,30,25,-4,70,0,0,21.39,30.01,-1.0
2/6/2010 11:00,7.0,37,3,30,21,-6,52,9,300,21.37,29.99,-0.9
2/6/2010 12:00,10.0,37,3,30,21,-6,52,0,0,21.36,29.97,-0.9
2/6/2010 13:00,10.0,36,2,31,23,-5,59,0,0,21.35,29.96,-0.8
2/6/2010 14:00,10.0,36,2,31,23,-5,59,7,330,21.34,29.95,-0.8
2/6/2010 15:00,10.0,36,2,30,21,-6,55,9,290,21.34,29.95,-1.2
2/6/2010 16:00,10.0,34,1,29,21,-6,59,3,300,21.34,29.95,-1.8
2/6/2010 17:00,10.0,32,0,27,19,-7,59,0,0,21.33,29.94,-2.8
2/6/2010 18:00,10.0,30,-1,26,21,-6,69,5,120,21.34,29.95,-3.0
2/6/2010 19:00,10.0,30,-1,26,19,-7,64,6,130,21.33,29.94,-3.4
2/6/2010 20:00,10.0,30,-1,26,19,-7,64,6,130,21.33,29.94,-3.4
2/6/2010 21:00,10.0,28,-2,24,16,-9,61,3,70,21.3,29.9,-4.6
2/6/2010 22:00,10.0,28,-2,24,16,-9,61,0,0,21.3,29.9,-4.6
2/6/2010 23:00,10.0,28,-2,23,14,-10,56,5,130,21.28,29.87,-5.0
2/7/2010 0:00,10.0,30,-1,25,16,-9,56,0,0,21.26,29.84,-4.0
2/7/2010 1:00,10.0,30,-1,25,16,-9,56,6,120,21.24,29.81,-4.0
2/7/2010 2:00,10.0,30,-1,25,18,-8,61,0,0,21.21,29.78,-3.6
2/7/2010 3:00,10.0,32,0,27,19,-7,59,5,110,21.2,29.76,-2.8
2/7/2010 4:00,5.0,30,-1,28,25,-4,82,0,0,21.19,29.75,-2.2
2/7/2010 5:00,2.5,28,-2,28,27,-3,96,0,0,21.17,29.73,-2.4
2/7/2010 6:00,2.5,28,-2,28,27,-3,96,0,0,21.17,29.73,-2.4
2/7/2010 7:00,4.0,28,-2,28,27,-3,96,0,0,21.18,29.74,-2.4
2/7/2010 8:00,1.25,30,-1,29,27,-3,89,0,0,21.18,29.74,-1.8
2/7/2010 9:00,1.25,30,-1,29,27,-3,89,0,0,21.18,29.74,-1.8
2/7/2010 10:00,10.0,34,1,29,23,-5,64,0,0,21.16,29.71,-1.4
2/7/2010 11:00,10.0,34,1,29,21,-6,59,0,0,21.14,29.69,-1.8
2/7/2010 12:00,5.0,30,-1,29,27,-3,89,9,310,21.13,29.67,-1.8
2/7/2010 13:00,0.75,32,0,30,27,-3,82,0,0,21.11,29.64,-1.1
2/7/2010 14:00,1.0,30,-1,29,27,-3,89,7,290,21.11,29.64,-1.8
2/7/2010 15:00,10.0,30,-1,29,27,-3,89,8,300,21.11,29.64,-1.8
2/7/2010 16:00,3.0,30,-1,29,27,-3,89,10,290,21.11,29.64,-1.8
2/7/2010 17:00,3.0,30,-1,29,27,-3,89,10,290,21.11,29.64,-1.8
2/7/2010 18:00,0.5,28,-2,28,27,-3,96,6,150,21.13,29.67,-2.4
2/7/2010 19:00,0.5,27,-3,27,27,-3,100,5,140,21.13,29.68,-2.7
2/7/2010 20:00,3.0,27,-3,26,25,-4,92,0,0,21.13,29.68,-3.2
2/7/2010 21:00,2.0,27,-3,27,27,-3,100,0,0,21.13,29.67,-2.7
2/7/2010 22:00,1.0,27,-3,27,27,-3,100,0,0,21.13,29.68,-2.7
2/7/2010 23:00,3.0,25,-4,24,23,-5,92,0,0,21.13,29.68,-4.3
2/8/2010 0:00,7.0,25,-4,23,21,-6,85,0,0,21.13,29.68,-4.7
2/8/2010 1:00,5.0,25,-4,23,21,-6,85,0,0,21.15,29.7,-4.7
2/8/2010 2:00,2.5,23,-5,22,21,-6,92,3,160,21.15,29.7,-5.4
2/8/2010 3:00,3.0,21,-6,20,19,-7,92,0,0,21.16,29.71,-6.5
2/8/2010 4:00,5.0,21,-6,20,19,-7,92,5,140,21.17,29.72,-6.5
2/8/2010 5:00,3.0,21,-6,20,19,-7,92,0,0,21.17,29.73,-6.5
2/8/2010 6:00,4.0,19,-7,19,18,-8,96,5,170,21.19,29.75,-7.4
2/8/2010 7:00,3.0,18,-8,17,16,-9,92,0,0,21.21,29.77,-8.1
2/8/2010 8:00,3.0,18,-8,17,16,-9,92,0,0,21.21,29.77,-8.1
2/8/2010 9:00,3.0,25,-4,23,19,-7,78,0,0,21.24,29.81,-5.1
2/8/2010 10:00,10.0,27,-3,24,19,-7,72,0,0,21.24,29.82,-4.4
2/8/2010 11:00,1.75,30,-1,26,19,-7,64,6,310,21.24,29.82,-3.4
2/8/2010 12:00,1.75,30,-1,26,19,-7,64,6,310,21.24,29.82,-3.4
2/8/2010 13:00,1.75,30,-1,26,19,-7,64,6,310,21.24,29.82,-3.4
2/8/2010 14:00,1.75,28,-2,26,23,-5,82,17,300,21.22,29.79,-3.3
2/8/2010 15:00,7.0,27,-3,25,23,-5,85,15,300,21.24,29.81,-3.6
2/8/2010 16:00,10.0,25,-4,23,21,-6,85,14,300,21.24,29.82,-4.7
2/8/2010 17:00,10.0,25,-4,23,21,-6,85,6,310,21.26,29.84,-4.7
2/8/2010 18:00,10.0,23,-5,22,21,-6,92,5,280,21.27,29.86,-5.4
2/8/2010 19:00,2.5,21,-6,20,19,-7,92,0,0,21.28,29.87,-6.5
2/8/2010 20:00,5.0,21,-6,20,18,-8,88,0,0,21.29,29.88,-6.7
2/8/2010 21:00,7.0,21,-6,20,19,-7,92,0,0,21.3,29.9,-6.5
2/8/2010 22:00,10.0,19,-7,18,16,-9,88,6,150,21.3,29.9,-7.7
2/8/2010 23:00,10.0,19,-7,17,14,-10,81,6,150,21.31,29.91,-8.1
2/9/2010 0:00,10.0,19,-7,17,14,-10,81,3,170,21.31,29.91,-8.1
2/9/2010 1:00,10.0,19,-7,17,14,-10,81,5,160,21.31,29.91,-8.1
2/9/2010 2:00,10.0,21,-6,19,16,-9,81,5,140,21.31,29.91,-7.0
2/9/2010 3:00,10.0,21,-6,19,16,-9,81,3,130,21.31,29.91,-7.0
2/9/2010 4:00,10.0,21,-6,19,16,-9,81,0,0,21.32,29.92,-7.0
2/9/2010 5:00,10.0,21,-6,19,16,-9,81,0,0,21.32,29.92,-7.0
2/9/2010 6:00,10.0,19,-7,17,14,-10,81,3,140,21.33,29.93,-8.1
2/9/2010 7:00,10.0,19,-7,18,16,-9,88,0,0,21.36,29.97,-7.7
2/9/2010 8:00,10.0,21,-6,19,14,-10,74,0,0,21.37,29.99,-7.4
2/9/2010 9:00,10.0,25,-4,22,16,-9,69,5,140,21.37,29.99,-5.6
2/9/2010 10:00,10.0,27,-3,21,9,-13,47,3,140,21.37,29.99,-6.1
2/9/2010 11:00,10.0,27,-3,21,9,-13,47,3,140,21.37,29.99,-6.1
2/9/2010 12:00,10.0,28,-2,22,10,-12,47,5,330,21.34,29.95,-5.6
2/9/2010 13:00,10.0,28,-2,22,12,-11,51,3,100,21.31,29.91,-5.3
2/9/2010 14:00,10.0,30,-1,23,10,-12,43,6,280,21.29,29.89,-5.0
2/9/2010 15:00,10.0,30,-1,24,12,-11,47,7,290,21.31,29.91,-4.7
2/9/2010 16:00,4.0,28,-2,24,16,-9,61,5,280,21.32,29.92,-4.6
2/9/2010 17:00,10.0,27,-3,24,19,-7,72,0,0,21.33,29.93,-4.4
2/9/2010 18:00,10.0,25,-4,23,19,-7,78,0,0,21.34,29.95,-5.1
2/9/2010 19:00,10.0,23,-5,21,18,-8,81,5,120,21.33,29.94,-6.0
2/9/2010 20:00,10.0,21,-6,19,16,-9,81,7,150,21.33,29.93,-7.0
2/9/2010 21:00,10.0,21,-6,19,16,-9,81,3,120,21.33,29.94,-7.0
2/9/2010 22:00,10.0,25,-4,21,12,-11,58,0,0,21.33,29.93,-6.3
2/9/2010 23:00,10.0,23,-5,19,12,-11,63,8,220,21.33,29.93,-7.0
2/10/2010 0:00,10.0,23,-5,20,14,-10,68,0,0,21.33,29.93,-6.7
2/10/2010 1:00,10.0,21,-6,19,14,-10,74,3,150,21.33,29.93,-7.4
2/10/2010 2:00,10.0,21,-6,19,16,-9,81,0,0,21.31,29.91,-7.0
2/10/2010 3:00,1.5,21,-6,19,16,-9,81,5,160,21.31,29.91,-7.0
2/10/2010 4:00,4.0,21,-6,19,16,-9,81,5,160,21.32,29.92,-7.0
2/10/2010 5:00,1.5,21,-6,20,18,-8,88,6,160,21.32,29.92,-6.7
2/10/2010 6:00,4.0,19,-7,19,18,-8,96,6,150,21.32,29.92,-7.4
2/10/2010 7:00,10.0,19,-7,19,18,-8,96,6,160,21.32,29.92,-7.4
2/10/2010 8:00,10.0,21,-6,19,16,-9,81,5,130,21.32,29.92,-7.0
2/10/2010 9:00,10.0,27,-3,23,16,-9,63,0,0,21.31,29.91,-5.0
2/10/2010 10:00,10.0,30,-1,24,14,-10,51,5,290,21.32,29.92,-4.3
2/10/2010 11:00,10.0,32,0,25,14,-10,47,7,290,21.31,29.91,-3.7
2/10/2010 12:00,10.0,32,0,25,14,-10,47,7,290,21.31,29.91,-3.7
2/10/2010 13:00,10.0,32,0,27,18,-8,56,8,300,21.29,29.88,-3.0
2/10/2010 14:00,10.0,32,0,27,18,-8,56,9,270,21.28,29.87,-3.0
2/10/2010 15:00,10.0,30,-1,25,18,-8,61,11,300,21.29,29.88,-3.6
2/10/2010 16:00,10.0,30,-1,25,18,-8,61,11,300,21.29,29.88,-3.6
2/10/2010 17:00,7.0,27,-3,25,21,-6,78,9,290,21.29,29.89,-4.0
2/10/2010 18:00,10.0,25,-4,23,21,-6,85,0,0,21.31,29.91,-4.7
2/10/2010 19:00,7.0,23,-5,22,21,-6,92,0,0,21.31,29.91,-5.4
2/10/2010 20:00,7.0,21,-6,20,19,-7,92,0,0,21.31,29.91,-6.5
2/10/2010 21:00,10.0,21,-6,20,18,-8,88,0,0,21.31,29.91,-6.7
2/10/2010 22:00,10.0,19,-7,17,14,-10,81,8,150,21.31,29.91,-8.1
2/10/2010 23:00,10.0,18,-8,15,10,-12,71,8,160,21.31,29.91,-9.1
2/11/2010 0:00,10.0,16,-9,14,10,-12,77,6,170,21.31,29.91,-9.9
2/11/2010 1:00,10.0,14,-10,12,9,-13,80,5,150,21.32,29.92,-10.8
2/11/2010 2:00,10.0,14,-10,12,9,-13,80,0,0,21.3,29.9,-10.8
2/11/2010 3:00,10.0,14,-10,12,9,-13,80,3,170,21.29,29.89,-10.8
2/11/2010 4:00,10.0,12,-11,11,9,-13,88,5,150,21.29,29.89,-11.6
2/11/2010 5:00,10.0,12,-11,11,7,-14,80,3,160,21.3,29.9,-11.9
2/11/2010 6:00,10.0,12,-11,11,7,-14,80,3,160,21.3,29.9,-11.9
2/11/2010 7:00,10.0,10,-12,9,5,-15,80,3,170,21.33,29.93,-12.9
2/11/2010 8:00,10.0,16,-9,13,7,-14,67,0,0,21.34,29.95,-10.3
2/11/2010 9:00,10.0,19,-7,15,7,-14,59,0,0,21.34,29.95,-9.2
2/11/2010 10:00,10.0,27,-3,21,10,-12,49,0,0,21.35,29.96,-6.0
2/11/2010 11:00,10.0,28,-2,22,10,-12,47,3,330,21.34,29.95,-5.6
2/11/2010 12:00,10.0,27,-3,21,10,-12,49,7,340,21.33,29.94,-6.0
2/11/2010 13:00,10.0,27,-3,22,14,-10,58,9,300,21.33,29.94,-5.3
2/11/2010 14:00,10.0,27,-3,23,16,-9,63,11,310,21.34,29.95,-5.0